날짜,시가,고가,저가,종가,거래량,거래대금
2015-03-20,0.0,0.0,0.0,1000.0,0,0
2015-03-23,0.0,0.0,0.0,1001.46,0,0
2015-03-24,0.0,0.0,0.0,1002.2,0,0
2015-03-25,0.0,0.0,0.0,1004.05,0,0
2015-03-26,0.0,0.0,0.0,989.78,0,0
2015-03-27,0.0,0.0,0.0,987.36,0,0
2015-03-30,0.0,0.0,0.0,991.15,0,0
2015-03-31,0.0,0.0,0.0,997.07,0,0
2015-04-01,0.0,0.0,0.0,988.61,0,0
2015-04-02,0.0,0.0,0.0,988.93,0,0
2015-04-03,0.0,0.0,0.0,997.04,0,0
2015-04-06,0.0,0.0,0.0,999.2,0,0
2015-04-07,0.0,0.0,0.0,999.19,0,0
2015-04-08,0.0,0.0,0.0,1006.73,0,0
2015-04-09,0.0,0.0,0.0,1007.97,0,0
2015-04-10,0.0,0.0,0.0,1022.53,0,0
2015-04-13,0.0,0.0,0.0,1031.74,0,0
2015-04-14,0.0,0.0,0.0,1039.19,0,0
2015-04-15,0.0,0.0,0.0,1039.28,0,0
2015-04-16,0.0,0.0,0.0,1048.02,0,0
2015-04-17,0.0,0.0,0.0,1047.67,0,0
2015-04-20,0.0,0.0,0.0,1049.92,0,0
2015-04-21,0.0,0.0,0.0,1049.83,0,0
2015-04-22,0.0,0.0,0.0,1052.27,0,0
2015-04-23,0.0,0.0,0.0,1063.57,0,0
2015-04-24,0.0,0.0,0.0,1055.71,0,0
2015-04-27,0.0,0.0,0.0,1053.5,0,0
2015-04-28,0.0,0.0,0.0,1046.77,0,0
2015-04-29,0.0,0.0,0.0,1045.85,0,0
2015-04-30,0.0,0.0,0.0,1040.32,0,0
2015-05-04,0.0,0.0,0.0,1043.01,0,0
2015-05-06,0.0,0.0,0.0,1029.48,0,0
2015-05-07,0.0,0.0,0.0,1025.6,0,0
2015-05-08,0.0,0.0,0.0,1019.66,0,0
2015-05-11,0.0,0.0,0.0,1022.97,0,0
2015-05-12,0.0,0.0,0.0,1021.54,0,0
2015-05-13,0.0,0.0,0.0,1027.62,0,0
2015-05-14,0.0,0.0,0.0,1029.87,0,0
2015-05-15,0.0,0.0,0.0,1021.15,0,0
2015-05-18,0.0,0.0,0.0,1022.33,0,0
2015-05-19,0.0,0.0,0.0,1027.89,0,0
2015-05-20,0.0,0.0,0.0,1037.95,0,0
2015-05-21,0.0,0.0,0.0,1027.81,0,0
2015-05-22,0.0,0.0,0.0,1039.1,0,0
2015-05-26,0.0,0.0,0.0,1033.75,0,0
2015-05-27,0.0,0.0,0.0,1012.46,0,0
2015-05-28,0.0,0.0,0.0,1012.05,0,0
2015-05-29,0.0,0.0,0.0,1012.91,0,0
2015-06-01,0.0,0.0,0.0,1008.26,0,0
2015-06-02,0.0,0.0,0.0,996.32,0,0
2015-06-03,0.0,0.0,0.0,989.24,0,0
2015-06-04,0.0,0.0,0.0,999.1,0,0
2015-06-05,0.0,0.0,0.0,999.2,0,0
2015-06-08,0.0,0.0,0.0,998.77,0,0
2015-06-09,0.0,0.0,0.0,996.04,0,0
2015-06-10,0.0,0.0,0.0,990.09,0,0
2015-06-11,0.0,0.0,0.0,990.52,0,0
2015-06-12,0.0,0.0,0.0,987.87,0,0
2015-06-15,0.0,0.0,0.0,984.36,0,0
2015-06-16,0.0,0.0,0.0,976.65,0,0
2015-06-17,0.0,0.0,0.0,980.55,0,0
2015-06-18,0.0,0.0,0.0,983.67,0,0
2015-06-19,0.0,0.0,0.0,985.54,0,0
2015-06-22,0.0,0.0,0.0,990.37,0,0
2015-06-23,0.0,0.0,0.0,1003.95,0,0
2015-06-24,0.0,0.0,0.0,1006.17,0,0
2015-06-25,0.0,0.0,0.0,1001.04,0,0
2015-06-26,0.0,0.0,0.0,1003.27,0,0
2015-06-29,0.0,0.0,0.0,989.53,0,0
2015-06-30,0.0,0.0,0.0,993.88,0,0
2015-07-01,0.0,0.0,0.0,1006.85,0,0
2015-07-02,0.0,0.0,0.0,1009.63,0,0
2015-07-03,0.0,0.0,0.0,1003.95,0,0
2015-07-06,0.0,0.0,0.0,978.34,0,0
2015-07-07,0.0,0.0,0.0,976.07,0,0
2015-07-08,0.0,0.0,0.0,963.18,0,0
2015-07-09,0.0,0.0,0.0,970.53,0,0
2015-07-10,0.0,0.0,0.0,971.42,0,0
2015-07-13,0.0,0.0,0.0,984.25,0,0
2015-07-14,0.0,0.0,0.0,978.67,0,0
2015-07-15,0.0,0.0,0.0,983.76,0,0
2015-07-16,0.0,0.0,0.0,991.46,0,0
2015-07-17,0.0,0.0,0.0,987.76,0,0
2015-07-20,0.0,0.0,0.0,983.56,0,0
2015-07-21,0.0,0.0,0.0,988.91,0,0
2015-07-22,0.0,0.0,0.0,980.51,0,0
2015-07-23,0.0,0.0,0.0,977.63,0,0
2015-07-24,0.0,0.0,0.0,969.81,0,0
2015-07-27,0.0,0.0,0.0,967.69,0,0
2015-07-28,0.0,0.0,0.0,968.3,0,0
2015-07-29,0.0,0.0,0.0,969.85,0,0
2015-07-30,0.0,0.0,0.0,959.62,0,0
2015-07-31,0.0,0.0,0.0,963.05,0,0
2015-08-03,0.0,0.0,0.0,948.3,0,0
2015-08-04,0.0,0.0,0.0,958.19,0,0
2015-08-05,0.0,0.0,0.0,957.77,0,0
2015-08-06,0.0,0.0,0.0,946.55,0,0
2015-08-07,0.0,0.0,0.0,946.13,0,0
2015-08-10,0.0,0.0,0.0,943.6,0,0
2015-08-11,0.0,0.0,0.0,938.52,0,0
2015-08-12,0.0,0.0,0.0,936.79,0,0
2015-08-13,0.0,0.0,0.0,936.86,0,0
2015-08-17,0.0,0.0,0.0,928.86,0,0
2015-08-18,0.0,0.0,0.0,927.8,0,0
2015-08-19,0.0,0.0,0.0,923.47,0,0
2015-08-20,0.0,0.0,0.0,911.89,0,0
2015-08-21,0.0,0.0,0.0,893.34,0,0
2015-08-24,0.0,0.0,0.0,870.35,0,0
2015-08-25,0.0,0.0,0.0,879.6,0,0
2015-08-26,0.0,0.0,0.0,896.39,0,0
2015-08-27,0.0,0.0,0.0,900.07,0,0
2015-08-28,0.0,0.0,0.0,913.16,0,0
2015-08-31,0.0,0.0,0.0,914.5,0,0
2015-09-01,0.0,0.0,0.0,901.57,0,0
2015-09-02,0.0,0.0,0.0,903.07,0,0
2015-09-03,0.0,0.0,0.0,904.83,0,0
2015-09-04,0.0,0.0,0.0,893.06,0,0
2015-09-07,0.0,0.0,0.0,890.59,0,0
2015-09-08,0.0,0.0,0.0,890.51,0,0
2015-09-09,0.0,0.0,0.0,918.49,0,0
2015-09-10,0.0,0.0,0.0,927.41,0,0
2015-09-11,0.0,0.0,0.0,916.75,0,0
2015-09-14,0.0,0.0,0.0,914.4,0,0
2015-09-15,0.0,0.0,0.0,916.7,0,0
2015-09-16,0.0,0.0,0.0,937.49,0,0
2015-09-17,0.0,0.0,0.0,939.22,0,0
2015-09-18,0.0,0.0,0.0,948.67,0,0
2015-09-21,0.0,0.0,0.0,930.88,0,0
2015-09-22,0.0,0.0,0.0,939.24,0,0
2015-09-23,0.0,0.0,0.0,921.9,0,0
2015-09-24,0.0,0.0,0.0,921.5,0,0
2015-09-25,0.0,0.0,0.0,919.71,0,0
2015-09-30,0.0,0.0,0.0,930.88,0,0
2015-10-01,0.0,0.0,0.0,937.84,0,0
2015-10-02,0.0,0.0,0.0,932.4,0,0
2015-10-05,0.0,0.0,0.0,936.07,0,0
2015-10-06,0.0,0.0,0.0,944.71,0,0
2015-10-07,0.0,0.0,0.0,958.44,0,0
2015-10-08,0.0,0.0,0.0,966.54,0,0
2015-10-12,0.0,0.0,0.0,967.72,0,0
2015-10-13,0.0,0.0,0.0,966.43,0,0
2015-10-14,0.0,0.0,0.0,961.89,0,0
2015-10-15,0.0,0.0,0.0,973.76,0,0
2015-10-16,0.0,0.0,0.0,971.62,0,0
2015-10-19,0.0,0.0,0.0,972.49,0,0
2015-10-20,0.0,0.0,0.0,976.67,0,0
2015-10-21,0.0,0.0,0.0,978.91,0,0
2015-10-22,0.0,0.0,0.0,971.3,0,0
2015-10-23,0.0,0.0,0.0,981.62,0,0
2015-10-26,0.0,0.0,0.0,986.4,0,0
2015-10-27,0.0,0.0,0.0,985.87,0,0
2015-10-28,0.0,0.0,0.0,987.07,0,0
2015-10-29,0.0,0.0,0.0,984.55,0,0
2015-10-30,0.0,0.0,0.0,987.69,0,0
2015-11-02,0.0,0.0,0.0,992.35,0,0
2015-11-03,0.0,0.0,0.0,997.81,0,0
2015-11-04,0.0,0.0,0.0,998.57,0,0
2015-11-05,0.0,0.0,0.0,997.25,0,0
2015-11-06,0.0,0.0,0.0,991.62,0,0
2015-11-09,0.0,0.0,0.0,986.14,0,0
2015-11-10,0.0,0.0,0.0,970.86,0,0
2015-11-11,0.0,0.0,0.0,973.65,0,0
2015-11-12,0.0,0.0,0.0,971.36,0,0
2015-11-13,0.0,0.0,0.0,962.13,0,0
2015-11-16,0.0,0.0,0.0,946.37,0,0
2015-11-17,0.0,0.0,0.0,956.43,0,0
2015-11-18,0.0,0.0,0.0,956.42,0,0
2015-11-19,0.0,0.0,0.0,969.65,0,0
2015-11-20,0.0,0.0,0.0,968.87,0,0
2015-11-23,0.0,0.0,0.0,972.76,0,0
2015-11-24,0.0,0.0,0.0,979.0,0,0
2015-11-25,0.0,0.0,0.0,974.16,0,0
2015-11-26,0.0,0.0,0.0,985.05,0,0
2015-11-27,0.0,0.0,0.0,983.8,0,0
2015-11-30,0.0,0.0,0.0,965.5,0,0
2015-12-01,0.0,0.0,0.0,984.3,0,0
2015-12-02,0.0,0.0,0.0,976.06,0,0
2015-12-03,0.0,0.0,0.0,969.15,0,0
2015-12-04,0.0,0.0,0.0,958.84,0,0
2015-12-07,0.0,0.0,0.0,952.5,0,0
2015-12-08,0.0,0.0,0.0,944.95,0,0
2015-12-09,0.0,0.0,0.0,944.89,0,0
2015-12-10,0.0,0.0,0.0,948.61,0,0
2015-12-11,0.0,0.0,0.0,946.37,0,0
2015-12-14,0.0,0.0,0.0,937.13,0,0
2015-12-15,0.0,0.0,0.0,940.69,0,0
2015-12-16,0.0,0.0,0.0,960.4,0,0
2015-12-17,0.0,0.0,0.0,964.13,0,0
2015-12-18,0.0,0.0,0.0,960.81,0,0
2015-12-21,0.0,0.0,0.0,963.99,0,0
2015-12-22,0.0,0.0,0.0,969.57,0,0
2015-12-23,0.0,0.0,0.0,972.77,0,0
2015-12-24,0.0,0.0,0.0,968.01,0,0
2015-12-28,0.0,0.0,0.0,955.07,0,0
2015-12-29,0.0,0.0,0.0,955.64,0,0
2015-12-30,0.0,0.0,0.0,953.03,0,0
2016-01-04,0.0,0.0,0.0,931.11,0,0
2016-01-05,0.0,0.0,0.0,936.15,0,0
2016-01-06,0.0,0.0,0.0,929.53,0,0
2016-01-07,0.0,0.0,0.0,918.44,0,0
2016-01-08,0.0,0.0,0.0,926.35,0,0
2016-01-11,0.0,0.0,0.0,916.0,0,0
2016-01-12,0.0,0.0,0.0,914.6,0,0
2016-01-13,0.0,0.0,0.0,927.45,0,0
2016-01-14,0.0,0.0,0.0,919.08,0,0
2016-01-15,0.0,0.0,0.0,907.49,0,0
2016-01-18,0.0,0.0,0.0,909.54,0,0
2016-01-19,0.0,0.0,0.0,915.18,0,0
2016-01-20,0.0,0.0,0.0,892.78,0,0
2016-01-21,0.0,0.0,0.0,890.22,0,0
2016-01-22,0.0,0.0,0.0,908.47,0,0
2016-01-25,0.0,0.0,0.0,914.05,0,0
2016-01-26,0.0,0.0,0.0,903.52,0,0
2016-01-27,0.0,0.0,0.0,917.49,0,0
2016-01-28,0.0,0.0,0.0,919.14,0,0
2016-01-29,0.0,0.0,0.0,921.48,0,0
2016-02-01,0.0,0.0,0.0,927.56,0,0
2016-02-02,0.0,0.0,0.0,918.2,0,0
2016-02-03,0.0,0.0,0.0,912.08,0,0
2016-02-04,0.0,0.0,0.0,927.34,0,0
2016-02-05,0.0,0.0,0.0,928.6,0,0
2016-02-11,0.0,0.0,0.0,900.24,0,0
2016-02-12,0.0,0.0,0.0,888.76,0,0
2016-02-15,0.0,0.0,0.0,902.38,0,0
2016-02-16,0.0,0.0,0.0,916.12,0,0
2016-02-17,0.0,0.0,0.0,916.33,0,0
2016-02-18,0.0,0.0,0.0,927.68,0,0
2016-02-19,0.0,0.0,0.0,930.4,0,0
2016-02-22,0.0,0.0,0.0,929.18,0,0
2016-02-23,0.0,0.0,0.0,928.4,0,0
2016-02-24,0.0,0.0,0.0,926.55,0,0
2016-02-25,0.0,0.0,0.0,927.95,0,0
2016-02-26,0.0,0.0,0.0,926.99,0,0
2016-02-29,0.0,0.0,0.0,926.23,0,0
2016-03-02,0.0,0.0,0.0,944.51,0,0
2016-03-03,0.0,0.0,0.0,951.26,0,0
2016-03-04,0.0,0.0,0.0,950.01,0,0
2016-03-07,0.0,0.0,0.0,952.0,0,0
2016-03-08,0.0,0.0,0.0,944.77,0,0
2016-03-09,0.0,0.0,0.0,947.45,0,0
2016-03-10,0.0,0.0,0.0,958.8,0,0
2016-03-11,0.0,0.0,0.0,960.19,0,0
2016-03-14,0.0,0.0,0.0,962.02,0,0
2016-03-15,0.0,0.0,0.0,959.87,0,0
2016-03-16,0.0,0.0,0.0,961.89,0,0
2016-03-17,0.0,0.0,0.0,968.65,0,0
2016-03-18,0.0,0.0,0.0,972.19,0,0
2016-03-21,0.0,0.0,0.0,970.16,0,0
2016-03-22,0.0,0.0,0.0,975.19,0,0
2016-03-23,0.0,0.0,0.0,973.44,0,0
2016-03-24,0.0,0.0,0.0,969.24,0,0
2016-03-25,0.0,0.0,0.0,967.69,0,0
2016-03-28,0.0,0.0,0.0,967.02,0,0
2016-03-29,0.0,0.0,0.0,973.44,0,0
2016-03-30,0.0,0.0,0.0,977.09,0,0
2016-03-31,0.0,0.0,0.0,973.05,0,0
2016-04-01,0.0,0.0,0.0,961.29,0,0
2016-04-04,0.0,0.0,0.0,964.67,0,0
2016-04-05,0.0,0.0,0.0,954.64,0,0
2016-04-06,0.0,0.0,0.0,958.89,0,0
2016-04-07,0.0,0.0,0.0,959.98,0,0
2016-04-08,0.0,0.0,0.0,958.15,0,0
2016-04-11,0.0,0.0,0.0,957.14,0,0
2016-04-12,0.0,0.0,0.0,963.02,0,0
2016-04-14,0.0,0.0,0.0,980.88,0,0
2016-04-15,0.0,0.0,0.0,980.07,0,0
2016-04-18,0.0,0.0,0.0,977.98,0,0
2016-04-19,0.0,0.0,0.0,978.66,0,0
2016-04-20,0.0,0.0,0.0,976.11,0,0
2016-04-21,0.0,0.0,0.0,983.08,0,0
2016-04-22,0.0,0.0,0.0,979.27,0,0
2016-04-25,0.0,0.0,0.0,979.01,0,0
2016-04-26,0.0,0.0,0.0,982.11,0,0
2016-04-27,0.0,0.0,0.0,980.44,0,0
2016-04-28,0.0,0.0,0.0,970.16,0,0
2016-04-29,0.0,0.0,0.0,965.78,0,0
2016-05-02,0.0,0.0,0.0,959.25,0,0
2016-05-03,0.0,0.0,0.0,963.42,0,0
2016-05-04,0.0,0.0,0.0,961.26,0,0
2016-05-09,0.0,0.0,0.0,957.74,0,0
2016-05-10,0.0,0.0,0.0,964.2,0,0
2016-05-11,0.0,0.0,0.0,962.36,0,0
2016-05-12,0.0,0.0,0.0,959.78,0,0
2016-05-13,0.0,0.0,0.0,954.31,0,0
2016-05-16,0.0,0.0,0.0,953.94,0,0
2016-05-17,0.0,0.0,0.0,954.2,0,0
2016-05-18,0.0,0.0,0.0,947.77,0,0
2016-05-19,0.0,0.0,0.0,943.63,0,0
2016-05-20,0.0,0.0,0.0,944.41,0,0
2016-05-23,0.0,0.0,0.0,949.29,0,0
2016-05-24,0.0,0.0,0.0,940.14,0,0
2016-05-25,0.0,0.0,0.0,951.55,0,0
2016-05-26,0.0,0.0,0.0,950.09,0,0
2016-05-27,0.0,0.0,0.0,954.87,0,0
2016-05-30,0.0,0.0,0.0,954.95,0,0
2016-05-31,0.0,0.0,0.0,963.42,0,0
2016-06-01,0.0,0.0,0.0,963.99,0,0
2016-06-02,0.0,0.0,0.0,967.41,0,0
2016-06-03,0.0,0.0,0.0,967.91,0,0
2016-06-07,0.0,0.0,0.0,980.09,0,0
2016-06-08,0.0,0.0,0.0,987.71,0,0
2016-06-09,0.0,0.0,0.0,988.52,0,0
2016-06-10,0.0,0.0,0.0,984.04,0,0
2016-06-13,0.0,0.0,0.0,964.49,0,0
2016-06-14,0.0,0.0,0.0,962.29,0,0
2016-06-15,0.0,0.0,0.0,962.84,0,0
2016-06-16,0.0,0.0,0.0,955.39,0,0
2016-06-17,0.0,0.0,0.0,955.96,0,0
2016-06-20,0.0,0.0,0.0,969.92,0,0
2016-06-21,0.0,0.0,0.0,971.19,0,0
2016-06-22,0.0,0.0,0.0,975.82,0,0
2016-06-23,0.0,0.0,0.0,972.9,0,0
2016-06-24,0.0,0.0,0.0,943.35,0,0
2016-06-27,0.0,0.0,0.0,943.62,0,0
2016-06-28,0.0,0.0,0.0,947.41,0,0
2016-06-29,0.0,0.0,0.0,956.6,0,0
2016-06-30,0.0,0.0,0.0,965.23,0,0
2016-07-01,0.0,0.0,0.0,975.72,0,0
2016-07-04,0.0,0.0,0.0,979.68,0,0
2016-07-05,0.0,0.0,0.0,977.54,0,0
2016-07-06,0.0,0.0,0.0,956.73,0,0
2016-07-07,0.0,0.0,0.0,968.32,0,0
2016-07-08,0.0,0.0,0.0,963.26,0,0
2016-07-11,0.0,0.0,0.0,976.67,0,0
2016-07-12,0.0,0.0,0.0,977.06,0,0
2016-07-13,0.0,0.0,0.0,983.87,0,0
2016-07-14,0.0,0.0,0.0,986.09,0,0
2016-07-15,0.0,0.0,0.0,990.49,0,0
2016-07-18,0.0,0.0,0.0,992.19,0,0
2016-07-19,0.0,0.0,0.0,991.35,0,0
2016-07-20,0.0,0.0,0.0,990.75,0,0
2016-07-21,0.0,0.0,0.0,989.79,0,0
2016-07-22,0.0,0.0,0.0,987.16,0,0
2016-07-25,0.0,0.0,0.0,988.87,0,0
2016-07-26,0.0,0.0,0.0,996.13,0,0
2016-07-27,0.0,0.0,0.0,995.08,0,0
2016-07-28,0.0,0.0,0.0,990.86,0,0
2016-07-29,0.0,0.0,0.0,990.61,0,0
2016-08-01,0.0,0.0,0.0,999.58,0,0
2016-08-02,0.0,0.0,0.0,992.22,0,0
2016-08-03,0.0,0.0,0.0,979.3,0,0
2016-08-04,0.0,0.0,0.0,982.71,0,0
2016-08-05,0.0,0.0,0.0,993.88,0,0
2016-08-08,0.0,0.0,0.0,1001.27,0,0
2016-08-09,0.0,0.0,0.0,1007.93,0,0
2016-08-10,0.0,0.0,0.0,1007.04,0,0
2016-08-11,0.0,0.0,0.0,1009.12,0,0
2016-08-12,0.0,0.0,0.0,1008.63,0,0
2016-08-16,0.0,0.0,0.0,1008.14,0,0
2016-08-17,0.0,0.0,0.0,1006.62,0,0
2016-08-18,0.0,0.0,0.0,1015.65,0,0
2016-08-19,0.0,0.0,0.0,1018.11,0,0
2016-08-22,0.0,0.0,0.0,1011.6,0,0
2016-08-23,0.0,0.0,0.0,1016.6,0,0
2016-08-24,0.0,0.0,0.0,1010.86,0,0
2016-08-25,0.0,0.0,0.0,1009.66,0,0
2016-08-26,0.0,0.0,0.0,1005.16,0,0
2016-08-29,0.0,0.0,0.0,1003.91,0,0
2016-08-30,0.0,0.0,0.0,1007.55,0,0
2016-08-31,0.0,0.0,0.0,1004.26,0,0
2016-09-01,0.0,0.0,0.0,1001.61,0,0
2016-09-02,0.0,0.0,0.0,1004.47,0,0
2016-09-05,0.0,0.0,0.0,1015.81,0,0
2016-09-06,0.0,0.0,0.0,1020.72,0,0
2016-09-07,0.0,0.0,0.0,1016.06,0,0
2016-09-08,0.0,0.0,0.0,1018.58,0,0
2016-09-09,0.0,0.0,0.0,1004.79,0,0
2016-09-12,0.0,0.0,0.0,977.48,0,0
2016-09-13,0.0,0.0,0.0,983.95,0,0
2016-09-19,0.0,0.0,0.0,992.56,0,0
2016-09-20,0.0,0.0,0.0,998.84,0,0
2016-09-21,0.0,0.0,0.0,1003.64,0,0
2016-09-22,0.0,0.0,0.0,1011.52,0,0
2016-09-23,0.0,0.0,0.0,1010.67,0,0
2016-09-26,0.0,0.0,0.0,1007.14,0,0
2016-09-27,0.0,0.0,0.0,1014.1,0,0
2016-09-28,0.0,0.0,0.0,1008.9,0,0
2016-09-29,0.0,0.0,0.0,1018.92,0,0
2016-09-30,0.0,0.0,0.0,1007.55,0,0
2016-10-04,0.0,0.0,0.0,1014.27,0,0
2016-10-05,0.0,0.0,0.0,1013.41,0,0
2016-10-06,0.0,0.0,0.0,1022.45,0,0
2016-10-07,0.0,0.0,0.0,1018.39,0,0
2016-10-10,0.0,0.0,0.0,1018.02,0,0
2016-10-11,0.0,0.0,0.0,999.46,0,0
2016-10-12,0.0,0.0,0.0,999.8,0,0
2016-10-13,0.0,0.0,0.0,991.94,0,0
2016-10-14,0.0,0.0,0.0,995.92,0,0
2016-10-17,0.0,0.0,0.0,999.35,0,0
2016-10-18,0.0,0.0,0.0,1005.76,0,0
2016-10-19,0.0,0.0,0.0,1007.8,0,0
2016-10-20,0.0,0.0,0.0,1007.73,0,0
2016-10-21,0.0,0.0,0.0,1002.59,0,0
2016-10-24,0.0,0.0,0.0,1010.04,0,0
2016-10-25,0.0,0.0,0.0,1004.6,0,0
2016-10-26,0.0,0.0,0.0,993.27,0,0
2016-10-27,0.0,0.0,0.0,1000.12,0,0
2016-10-28,0.0,0.0,0.0,1000.3,0,0
2016-10-31,0.0,0.0,0.0,997.53,0,0
2016-11-01,0.0,0.0,0.0,996.99,0,0
2016-11-02,0.0,0.0,0.0,983.94,0,0
2016-11-03,0.0,0.0,0.0,984.38,0,0
2016-11-04,0.0,0.0,0.0,983.12,0,0
2016-11-07,0.0,0.0,0.0,991.86,0,0
2016-11-08,0.0,0.0,0.0,995.09,0,0
2016-11-09,0.0,0.0,0.0,971.68,0,0
2016-11-10,0.0,0.0,0.0,994.11,0,0
2016-11-11,0.0,0.0,0.0,979.87,0,0
2016-11-14,0.0,0.0,0.0,971.51,0,0
2016-11-15,0.0,0.0,0.0,967.75,0,0
2016-11-16,0.0,0.0,0.0,973.33,0,0
2016-11-17,0.0,0.0,0.0,973.72,0,0
2016-11-18,0.0,0.0,0.0,972.09,0,0
2016-11-21,0.0,0.0,0.0,968.71,0,0
2016-11-22,0.0,0.0,0.0,979.77,0,0
2016-11-23,0.0,0.0,0.0,983.3,0,0
2016-11-24,0.0,0.0,0.0,975.82,0,0
2016-11-25,0.0,0.0,0.0,977.26,0,0
2016-11-28,0.0,0.0,0.0,980.23,0,0
2016-11-29,0.0,0.0,0.0,980.03,0,0
2016-11-30,0.0,0.0,0.0,986.13,0,0
2016-12-01,0.0,0.0,0.0,986.52,0,0
2016-12-02,0.0,0.0,0.0,979.4,0,0
2016-12-05,0.0,0.0,0.0,975.81,0,0
2016-12-06,0.0,0.0,0.0,989.3,0,0
2016-12-07,0.0,0.0,0.0,991.36,0,0
2016-12-08,0.0,0.0,0.0,1011.16,0,0
2016-12-09,0.0,0.0,0.0,1007.98,0,0
2016-12-12,0.0,0.0,0.0,1007.69,0,0
2016-12-13,0.0,0.0,0.0,1013.48,0,0
2016-12-14,0.0,0.0,0.0,1015.06,0,0
2016-12-15,0.0,0.0,0.0,1013.78,0,0
2016-12-16,0.0,0.0,0.0,1018.07,0,0
2016-12-19,0.0,0.0,0.0,1016.93,0,0
2016-12-20,0.0,0.0,0.0,1018.44,0,0
2016-12-21,0.0,0.0,0.0,1016.47,0,0
2016-12-22,0.0,0.0,0.0,1015.74,0,0
2016-12-23,0.0,0.0,0.0,1014.19,0,0
2016-12-26,0.0,0.0,0.0,1015.57,0,0
2016-12-27,0.0,0.0,0.0,1018.23,0,0
2016-12-28,0.0,0.0,0.0,1010.23,0,0
2016-12-29,0.0,0.0,0.0,1011.99,0,0
2017-01-02,0.0,0.0,0.0,1013.26,0,0
2017-01-03,0.0,0.0,0.0,1023.76,0,0
2017-01-04,0.0,0.0,0.0,1024.7,0,0
2017-01-05,0.0,0.0,0.0,1020.92,0,0
2017-01-06,0.0,0.0,0.0,1025.41,0,0
2017-01-09,0.0,0.0,0.0,1028.79,0,0
2017-01-10,0.0,0.0,0.0,1026.91,0,0
2017-01-11,0.0,0.0,0.0,1041.92,0,0
2017-01-12,0.0,0.0,0.0,1048.33,0,0
2017-01-13,0.0,0.0,0.0,1040.22,0,0
2017-01-16,0.0,0.0,0.0,1032.53,0,0
2017-01-17,0.0,0.0,0.0,1036.62,0,0
2017-01-18,0.0,0.0,0.0,1035.76,0,0
2017-01-19,0.0,0.0,0.0,1038.2,0,0
2017-01-20,0.0,0.0,0.0,1032.9,0,0
2017-01-23,0.0,0.0,0.0,1036.09,0,0
2017-01-24,0.0,0.0,0.0,1036.35,0,0
2017-01-25,0.0,0.0,0.0,1040.56,0,0
2017-01-26,0.0,0.0,0.0,1049.94,0,0
2017-01-31,0.0,0.0,0.0,1040.68,0,0
2017-02-01,0.0,0.0,0.0,1046.29,0,0
2017-02-02,0.0,0.0,0.0,1042.22,0,0
2017-02-03,0.0,0.0,0.0,1044.56,0,0
2017-02-06,0.0,0.0,0.0,1047.63,0,0
2017-02-07,0.0,0.0,0.0,1043.23,0,0
2017-02-08,0.0,0.0,0.0,1038.29,0,0
2017-02-09,0.0,0.0,0.0,1038.3,0,0
2017-02-10,0.0,0.0,0.0,1041.6,0,0
2017-02-13,0.0,0.0,0.0,1041.81,0,0
2017-02-14,0.0,0.0,0.0,1037.06,0,0
2017-02-15,0.0,0.0,0.0,1042.02,0,0
2017-02-16,0.0,0.0,0.0,1042.73,0,0
2017-02-17,0.0,0.0,0.0,1041.99,0,0
2017-02-20,0.0,0.0,0.0,1045.41,0,0
2017-02-21,0.0,0.0,0.0,1054.68,0,0
2017-02-22,0.0,0.0,0.0,1057.21,0,0
2017-02-23,0.0,0.0,0.0,1056.69,0,0
2017-02-24,0.0,0.0,0.0,1047.53,0,0
2017-02-27,0.0,0.0,0.0,1042.04,0,0
2017-02-28,0.0,0.0,0.0,1046.23,0,0
2017-03-02,0.0,0.0,0.0,1055.42,0,0
2017-03-03,0.0,0.0,0.0,1044.66,0,0
2017-03-06,0.0,0.0,0.0,1047.55,0,0
2017-03-07,0.0,0.0,0.0,1053.33,0,0
2017-03-08,0.0,0.0,0.0,1053.28,0,0
2017-03-09,0.0,0.0,0.0,1050.92,0,0
2017-03-10,0.0,0.0,0.0,1054.35,0,0
2017-03-13,0.0,0.0,0.0,1065.35,0,0
2017-03-14,0.0,0.0,0.0,1075.0,0,0
2017-03-15,0.0,0.0,0.0,1073.45,0,0
2017-03-16,0.0,0.0,0.0,1081.45,0,0
2017-03-17,0.0,0.0,0.0,1088.21,0,0
2017-03-20,0.0,0.0,0.0,1083.21,0,0
2017-03-21,0.0,0.0,0.0,1096.6,0,0
2017-03-22,0.0,0.0,0.0,1091.28,0,0
2017-03-23,0.0,0.0,0.0,1091.54,0,0
2017-03-24,0.0,0.0,0.0,1089.79,0,0
2017-03-27,0.0,0.0,0.0,1082.84,0,0
2017-03-28,0.0,0.0,0.0,1087.27,0,0
2017-03-29,0.0,0.0,0.0,1090.1,0,0
2017-03-30,0.0,0.0,0.0,1089.78,0,0
2017-03-31,0.0,0.0,0.0,1086.9,0,0
2017-04-03,0.0,0.0,0.0,1091.96,0,0
2017-04-04,0.0,0.0,0.0,1089.71,0,0
2017-04-05,0.0,0.0,0.0,1089.64,0,0
2017-04-06,0.0,0.0,0.0,1085.44,0,0
2017-04-07,0.0,0.0,0.0,1084.65,0,0
2017-04-10,0.0,0.0,0.0,1075.64,0,0
2017-04-11,0.0,0.0,0.0,1069.86,0,0
2017-04-12,0.0,0.0,0.0,1072.22,0,0
2017-04-13,0.0,0.0,0.0,1082.24,0,0
2017-04-14,0.0,0.0,0.0,1075.5,0,0
2017-04-17,0.0,0.0,0.0,1081.26,0,0
2017-04-18,0.0,0.0,0.0,1082.07,0,0
2017-04-19,0.0,0.0,0.0,1076.02,0,0
2017-04-20,0.0,0.0,0.0,1081.4,0,0
2017-04-21,0.0,0.0,0.0,1089.48,0,0
2017-04-24,0.0,0.0,0.0,1094.14,0,0
2017-04-25,0.0,0.0,0.0,1108.39,0,0
2017-04-26,0.0,0.0,0.0,1114.6,0,0
2017-04-27,0.0,0.0,0.0,1115.1,0,0
2017-04-28,0.0,0.0,0.0,1113.46,0,0
2017-05-02,0.0,0.0,0.0,1122.39,0,0
2017-05-04,0.0,0.0,0.0,1134.4,0,0
2017-05-08,0.0,0.0,0.0,1162.31,0,0
2017-05-10,0.0,0.0,0.0,1150.74,0,0
2017-05-11,0.0,0.0,0.0,1164.73,0,0
2017-05-12,0.0,0.0,0.0,1159.35,0,0
2017-05-15,0.0,0.0,0.0,1161.73,0,0
2017-05-16,0.0,0.0,0.0,1163.91,0,0
2017-05-17,0.0,0.0,0.0,1163.71,0,0
2017-05-18,0.0,0.0,0.0,1160.26,0,0
2017-05-19,0.0,0.0,0.0,1160.64,0,0
2017-05-22,0.0,0.0,0.0,1169.12,0,0
2017-05-23,0.0,0.0,0.0,1171.56,0,0
2017-05-24,0.0,0.0,0.0,1173.4,0,0
2017-05-25,0.0,0.0,0.0,1185.76,0,0
2017-05-26,0.0,0.0,0.0,1191.92,0,0
2017-05-29,0.0,0.0,0.0,1189.91,0,0
2017-05-30,0.0,0.0,0.0,1184.25,0,0
2017-05-31,0.0,0.0,0.0,1185.44,0,0
2017-06-01,0.0,0.0,0.0,1184.16,0,0
2017-06-02,0.0,0.0,0.0,1198.77,0,0
2017-06-05,0.0,0.0,0.0,1198.18,0,0
2017-06-07,0.0,0.0,0.0,1193.0,0,0
2017-06-08,0.0,0.0,0.0,1195.33,0,0
2017-06-09,0.0,0.0,0.0,1206.93,0,0
2017-06-12,0.0,0.0,0.0,1193.8,0,0
2017-06-13,0.0,0.0,0.0,1201.05,0,0
2017-06-14,0.0,0.0,0.0,1201.5,0,0
2017-06-15,0.0,0.0,0.0,1195.95,0,0
2017-06-16,0.0,0.0,0.0,1195.66,0,0
2017-06-19,0.0,0.0,0.0,1203.74,0,0
2017-06-20,0.0,0.0,0.0,1206.37,0,0
2017-06-21,0.0,0.0,0.0,1198.34,0,0
2017-06-22,0.0,0.0,0.0,1204.93,0,0
2017-06-23,0.0,0.0,0.0,1208.69,0,0
2017-06-26,0.0,0.0,0.0,1214.64,0,0
2017-06-27,0.0,0.0,0.0,1215.81,0,0
2017-06-28,0.0,0.0,0.0,1209.84,0,0
2017-06-29,0.0,0.0,0.0,1216.4,0,0
2017-06-30,0.0,0.0,0.0,1213.95,0,0
2017-07-03,0.0,0.0,0.0,1214.48,0,0
2017-07-04,0.0,0.0,0.0,1205.65,0,0
2017-07-05,0.0,0.0,0.0,1210.9,0,0
2017-07-06,0.0,0.0,0.0,1212.38,0,0
2017-07-07,0.0,0.0,0.0,1206.24,0,0
2017-07-10,0.0,0.0,0.0,1208.02,0,0
2017-07-11,0.0,0.0,0.0,1215.45,0,0
2017-07-12,0.0,0.0,0.0,1214.69,0,0
2017-07-13,0.0,0.0,0.0,1225.26,0,0
2017-07-14,0.0,0.0,0.0,1229.25,0,0
2017-07-17,0.0,0.0,0.0,1233.92,0,0
2017-07-18,0.0,0.0,0.0,1234.7,0,0
2017-07-19,0.0,0.0,0.0,1237.18,0,0
2017-07-20,0.0,0.0,0.0,1243.58,0,0
2017-07-21,0.0,0.0,0.0,1246.34,0,0
2017-07-24,0.0,0.0,0.0,1246.97,0,0
2017-07-25,0.0,0.0,0.0,1238.15,0,0
2017-07-26,0.0,0.0,0.0,1235.81,0,0
2017-07-27,0.0,0.0,0.0,1239.75,0,0
2017-07-28,0.0,0.0,0.0,1214.47,0,0
2017-07-31,0.0,0.0,0.0,1216.82,0,0
2017-08-01,0.0,0.0,0.0,1225.5,0,0
2017-08-02,0.0,0.0,0.0,1228.37,0,0
2017-08-03,0.0,0.0,0.0,1206.41,0,0
2017-08-04,0.0,0.0,0.0,1211.25,0,0
2017-08-07,0.0,0.0,0.0,1214.85,0,0
2017-08-08,0.0,0.0,0.0,1213.06,0,0
2017-08-09,0.0,0.0,0.0,1197.72,0,0
2017-08-10,0.0,0.0,0.0,1193.8,0,0
2017-08-11,0.0,0.0,0.0,1171.99,0,0
2017-08-14,0.0,0.0,0.0,1180.17,0,0
2017-08-16,0.0,0.0,0.0,1189.85,0,0
2017-08-17,0.0,0.0,0.0,1198.41,0,0
2017-08-18,0.0,0.0,0.0,1196.58,0,0
2017-08-21,0.0,0.0,0.0,1195.17,0,0
2017-08-22,0.0,0.0,0.0,1200.7,0,0
2017-08-23,0.0,0.0,0.0,1202.44,0,0
2017-08-24,0.0,0.0,0.0,1206.63,0,0
2017-08-25,0.0,0.0,0.0,1208.23,0,0
2017-08-28,0.0,0.0,0.0,1202.84,0,0
2017-08-29,0.0,0.0,0.0,1200.26,0,0
2017-08-30,0.0,0.0,0.0,1203.76,0,0
2017-08-31,0.0,0.0,0.0,1199.04,0,0
2017-09-01,0.0,0.0,0.0,1197.8,0,0
2017-09-04,0.0,0.0,0.0,1183.48,0,0
2017-09-05,0.0,0.0,0.0,1183.72,0,0
2017-09-06,0.0,0.0,0.0,1181.58,0,0
2017-09-07,0.0,0.0,0.0,1196.06,0,0
2017-09-08,0.0,0.0,0.0,1197.31,0,0
2017-09-11,0.0,0.0,0.0,1206.15,0,0
2017-09-12,0.0,0.0,0.0,1209.07,0,0
2017-09-13,0.0,0.0,0.0,1207.01,0,0
2017-09-14,0.0,0.0,0.0,1217.01,0,0
2017-09-15,0.0,0.0,0.0,1222.96,0,0
2017-09-18,0.0,0.0,0.0,1244.06,0,0
2017-09-19,0.0,0.0,0.0,1242.17,0,0
2017-09-20,0.0,0.0,0.0,1242.62,0,0
2017-09-21,0.0,0.0,0.0,1240.64,0,0
2017-09-22,0.0,0.0,0.0,1233.8,0,0
2017-09-25,0.0,0.0,0.0,1231.83,0,0
2017-09-26,0.0,0.0,0.0,1224.63,0,0
2017-09-27,0.0,0.0,0.0,1224.36,0,0
2017-09-28,0.0,0.0,0.0,1224.12,0,0
2017-09-29,0.0,0.0,0.0,1233.17,0,0
2017-10-10,0.0,0.0,0.0,1256.05,0,0
2017-10-11,0.0,0.0,0.0,1271.14,0,0
2017-10-12,0.0,0.0,0.0,1279.62,0,0
2017-10-13,0.0,0.0,0.0,1277.2,0,0
2017-10-16,0.0,0.0,0.0,1277.91,0,0
2017-10-17,0.0,0.0,0.0,1284.14,0,0
2017-10-18,0.0,0.0,0.0,1283.61,0,0
2017-10-19,0.0,0.0,0.0,1274.32,0,0
2017-10-20,0.0,0.0,0.0,1283.81,0,0
2017-10-23,0.0,0.0,0.0,1286.18,0,0
2017-10-24,0.0,0.0,0.0,1287.83,0,0
2017-10-25,0.0,0.0,0.0,1288.52,0,0
2017-10-26,0.0,0.0,0.0,1278.57,0,0
2017-10-27,0.0,0.0,0.0,1288.66,0,0
2017-10-30,0.0,0.0,0.0,1293.45,0,0
2017-10-31,0.0,0.0,0.0,1305.55,0,0
2017-11-01,0.0,0.0,0.0,1325.01,0,0
2017-11-02,0.0,0.0,0.0,1320.01,0,0
2017-11-03,0.0,0.0,0.0,1325.32,0,0
2017-11-06,0.0,0.0,0.0,1321.7,0,0
2017-11-07,0.0,0.0,0.0,1318.21,0,0
2017-11-08,0.0,0.0,0.0,1324.41,0,0
2017-11-09,0.0,0.0,0.0,1321.84,0,0
2017-11-10,0.0,0.0,0.0,1318.83,0,0
2017-11-13,0.0,0.0,0.0,1318.77,0,0
2017-11-14,0.0,0.0,0.0,1320.17,0,0
2017-11-15,0.0,0.0,0.0,1318.12,0,0
2017-11-16,0.0,0.0,0.0,1327.99,0,0
2017-11-17,0.0,0.0,0.0,1324.94,0,0
2017-11-20,0.0,0.0,0.0,1321.41,0,0
2017-11-21,0.0,0.0,0.0,1323.7,0,0
2017-11-22,0.0,0.0,0.0,1327.59,0,0
2017-11-23,0.0,0.0,0.0,1327.1,0,0
2017-11-24,0.0,0.0,0.0,1329.47,0,0
2017-11-27,0.0,0.0,0.0,1307.31,0,0
2017-11-28,0.0,0.0,0.0,1309.66,0,0
2017-11-29,0.0,0.0,0.0,1309.46,0,0
2017-11-30,0.0,0.0,0.0,1285.88,0,0
2017-12-01,0.0,0.0,0.0,1288.48,0,0
2017-12-04,0.0,0.0,0.0,1301.06,0,0
2017-12-05,0.0,0.0,0.0,1302.03,0,0
2017-12-06,0.0,0.0,0.0,1281.72,0,0
2017-12-07,0.0,0.0,0.0,1276.01,0,0
2017-12-08,0.0,0.0,0.0,1279.91,0,0
2017-12-11,0.0,0.0,0.0,1285.47,0,0
2017-12-12,0.0,0.0,0.0,1280.21,0,0
2017-12-13,0.0,0.0,0.0,1288.4,0,0
2017-12-14,0.0,0.0,0.0,1283.23,0,0
2017-12-15,0.0,0.0,0.0,1289.05,0,0
2017-12-18,0.0,0.0,0.0,1289.96,0,0
2017-12-19,0.0,0.0,0.0,1290.3,0,0
2017-12-20,0.0,0.0,0.0,1284.52,0,0
2017-12-21,0.0,0.0,0.0,1259.5,0,0
2017-12-22,0.0,0.0,0.0,1269.04,0,0
2017-12-26,0.0,0.0,0.0,1259.29,0,0
2017-12-27,0.0,0.0,0.0,1273.33,0,0
2017-12-28,0.0,0.0,0.0,1291.24,0,0
2018-01-02,0.0,0.0,0.0,1297.18,0,0
2018-01-03,0.0,0.0,0.0,1303.79,0,0
2018-01-04,0.0,0.0,0.0,1292.17,0,0
2018-01-05,0.0,0.0,0.0,1313.14,0,0
2018-01-08,0.0,0.0,0.0,1325.97,0,0
2018-01-09,0.0,0.0,0.0,1317.89,0,0
2018-01-10,0.0,0.0,0.0,1310.31,0,0
2018-01-11,0.0,0.0,0.0,1306.78,0,0
2018-01-12,0.0,0.0,0.0,1316.41,0,0
2018-01-15,0.0,0.0,0.0,1323.99,0,0
2018-01-16,0.0,0.0,0.0,1334.99,0,0
2018-01-17,0.0,0.0,0.0,1327.44,0,0
2018-01-18,0.0,0.0,0.0,1328.67,0,0
2018-01-19,0.0,0.0,0.0,1325.38,0,0
2018-01-22,0.0,0.0,0.0,1312.61,0,0
2018-01-23,0.0,0.0,0.0,1333.49,0,0
2018-01-24,0.0,0.0,0.0,1333.09,0,0
2018-01-25,0.0,0.0,0.0,1345.0,0,0
2018-01-26,0.0,0.0,0.0,1350.04,0,0
2018-01-29,0.0,0.0,0.0,1365.56,0,0
2018-01-30,0.0,0.0,0.0,1347.35,0,0
2018-01-31,0.0,0.0,0.0,1344.3,0,0
2018-02-01,0.0,0.0,0.0,1340.64,0,0
2018-02-02,0.0,0.0,0.0,1316.04,0,0
2018-02-05,0.0,0.0,0.0,1296.36,0,0
2018-02-06,0.0,0.0,0.0,1278.38,0,0
2018-02-07,0.0,0.0,0.0,1245.69,0,0
2018-02-08,0.0,0.0,0.0,1255.92,0,0
2018-02-09,0.0,0.0,0.0,1230.1,0,0
2018-02-12,0.0,0.0,0.0,1244.98,0,0
2018-02-13,0.0,0.0,0.0,1251.81,0,0
2018-02-14,0.0,0.0,0.0,1270.38,0,0
2018-02-19,0.0,0.0,0.0,1281.67,0,0
2018-02-20,0.0,0.0,0.0,1264.93,0,0
2018-02-21,0.0,0.0,0.0,1272.58,0,0
2018-02-22,0.0,0.0,0.0,1263.39,0,0
2018-02-23,0.0,0.0,0.0,1281.79,0,0
2018-02-26,0.0,0.0,0.0,1284.69,0,0
2018-02-27,0.0,0.0,0.0,1285.6,0,0
2018-02-28,0.0,0.0,0.0,1270.66,0,0
2018-03-02,0.0,0.0,0.0,1257.48,0,0
2018-03-05,0.0,0.0,0.0,1242.6,0,0
2018-03-06,0.0,0.0,0.0,1265.95,0,0
2018-03-07,0.0,0.0,0.0,1261.9,0,0
2018-03-08,0.0,0.0,0.0,1279.51,0,0
2018-03-09,0.0,0.0,0.0,1292.62,0,0
2018-03-12,0.0,0.0,0.0,1306.15,0,0
2018-03-13,0.0,0.0,0.0,1315.86,0,0
2018-03-14,0.0,0.0,0.0,1312.77,0,0
2018-03-15,0.0,0.0,0.0,1316.31,0,0
2018-03-16,0.0,0.0,0.0,1316.67,0,0
2018-03-19,0.0,0.0,0.0,1304.88,0,0
2018-03-20,0.0,0.0,0.0,1313.15,0,0
2018-03-21,0.0,0.0,0.0,1312.07,0,0
2018-03-22,0.0,0.0,0.0,1316.38,0,0
2018-03-23,0.0,0.0,0.0,1269.38,0,0
2018-03-26,0.0,0.0,0.0,1282.57,0,0
2018-03-27,0.0,0.0,0.0,1288.89,0,0
2018-03-28,0.0,0.0,0.0,1270.56,0,0
2018-03-29,0.0,0.0,0.0,1281.07,0,0
2018-03-30,0.0,0.0,0.0,1284.29,0,0
2018-04-02,0.0,0.0,0.0,1279.78,0,0
2018-04-03,0.0,0.0,0.0,1276.97,0,0
2018-04-04,0.0,0.0,0.0,1259.26,0,0
2018-04-05,0.0,0.0,0.0,1278.28,0,0
2018-04-06,0.0,0.0,0.0,1273.91,0,0
2018-04-09,0.0,0.0,0.0,1282.7,0,0
2018-04-10,0.0,0.0,0.0,1284.68,0,0
2018-04-11,0.0,0.0,0.0,1282.12,0,0
2018-04-12,0.0,0.0,0.0,1281.29,0,0
2018-04-13,0.0,0.0,0.0,1289.14,0,0
2018-04-16,0.0,0.0,0.0,1290.32,0,0
2018-04-17,0.0,0.0,0.0,1287.95,0,0
2018-04-18,0.0,0.0,0.0,1301.55,0,0
2018-04-19,0.0,0.0,0.0,1305.75,0,0
2018-04-20,0.0,0.0,0.0,1298.76,0,0
2018-04-23,0.0,0.0,0.0,1296.95,0,0
2018-04-24,0.0,0.0,0.0,1288.16,0,0
2018-04-25,0.0,0.0,0.0,1280.81,0,0
2018-04-26,0.0,0.0,0.0,1297.87,0,0
2018-04-27,0.0,0.0,0.0,1308.96,0,0
2018-04-30,0.0,0.0,0.0,1316.42,0,0
2018-05-02,0.0,0.0,0.0,1310.92,0,0
2018-05-03,0.0,0.0,0.0,1304.04,0,0
2018-05-04,0.0,0.0,0.0,1285.92,0,0
2018-05-08,0.0,0.0,0.0,1278.15,0,0
2018-05-09,0.0,0.0,0.0,1274.95,0,0
2018-05-10,0.0,0.0,0.0,1285.13,0,0
2018-05-11,0.0,0.0,0.0,1290.8,0,0
2018-05-14,0.0,0.0,0.0,1284.1,0,0
2018-05-15,0.0,0.0,0.0,1274.2,0,0
2018-05-16,0.0,0.0,0.0,1278.22,0,0
2018-05-17,0.0,0.0,0.0,1271.86,0,0
2018-05-18,0.0,0.0,0.0,1277.73,0,0
2018-05-21,0.0,0.0,0.0,1280.74,0,0
2018-05-23,0.0,0.0,0.0,1287.68,0,0
2018-05-24,0.0,0.0,0.0,1285.18,0,0
2018-05-25,0.0,0.0,0.0,1289.31,0,0
2018-05-28,0.0,0.0,0.0,1292.46,0,0
2018-05-29,0.0,0.0,0.0,1278.69,0,0
2018-05-30,0.0,0.0,0.0,1252.98,0,0
2018-05-31,0.0,0.0,0.0,1261.96,0,0
2018-06-01,0.0,0.0,0.0,1270.59,0,0
2018-06-04,0.0,0.0,0.0,1273.94,0,0
2018-06-05,0.0,0.0,0.0,1277.89,0,0
2018-06-07,0.0,0.0,0.0,1284.79,0,0
2018-06-08,0.0,0.0,0.0,1273.64,0,0
2018-06-11,0.0,0.0,0.0,1280.27,0,0
2018-06-12,0.0,0.0,0.0,1280.21,0,0
2018-06-14,0.0,0.0,0.0,1257.46,0,0
2018-06-15,0.0,0.0,0.0,1247.31,0,0
2018-06-18,0.0,0.0,0.0,1231.04,0,0
2018-06-19,0.0,0.0,0.0,1213.46,0,0
2018-06-20,0.0,0.0,0.0,1224.89,0,0
2018-06-21,0.0,0.0,0.0,1210.48,0,0
2018-06-22,0.0,0.0,0.0,1221.44,0,0
2018-06-25,0.0,0.0,0.0,1221.74,0,0
2018-06-26,0.0,0.0,0.0,1221.04,0,0
2018-06-27,0.0,0.0,0.0,1219.41,0,0
2018-06-28,0.0,0.0,0.0,1202.34,0,0
2018-06-29,0.0,0.0,0.0,1208.85,0,0
2018-07-02,0.0,0.0,0.0,1179.63,0,0
2018-07-03,0.0,0.0,0.0,1181.97,0,0
2018-07-04,0.0,0.0,0.0,1179.89,0,0
2018-07-05,0.0,0.0,0.0,1176.94,0,0
2018-07-06,0.0,0.0,0.0,1182.58,0,0
2018-07-09,0.0,0.0,0.0,1191.11,0,0
2018-07-10,0.0,0.0,0.0,1196.11,0,0
2018-07-11,0.0,0.0,0.0,1186.99,0,0
2018-07-12,0.0,0.0,0.0,1188.92,0,0
2018-07-13,0.0,0.0,0.0,1202.88,0,0
2018-07-16,0.0,0.0,0.0,1197.76,0,0
2018-07-17,0.0,0.0,0.0,1195.17,0,0
2018-07-18,0.0,0.0,0.0,1193.96,0,0
2018-07-19,0.0,0.0,0.0,1189.2,0,0
2018-07-20,0.0,0.0,0.0,1193.88,0,0
2018-07-23,0.0,0.0,0.0,1180.19,0,0
2018-07-24,0.0,0.0,0.0,1181.68,0,0
2018-07-25,0.0,0.0,0.0,1177.78,0,0
2018-07-26,0.0,0.0,0.0,1187.69,0,0
2018-07-27,0.0,0.0,0.0,1191.27,0,0
2018-07-30,0.0,0.0,0.0,1189.83,0,0
2018-07-31,0.0,0.0,0.0,1190.78,0,0
2018-08-01,0.0,0.0,0.0,1197.84,0,0
2018-08-02,0.0,0.0,0.0,1176.66,0,0
2018-08-03,0.0,0.0,0.0,1184.97,0,0
2018-08-06,0.0,0.0,0.0,1183.44,0,0
2018-08-07,0.0,0.0,0.0,1192.06,0,0
2018-08-08,0.0,0.0,0.0,1192.79,0,0
2018-08-09,0.0,0.0,0.0,1195.53,0,0
2018-08-10,0.0,0.0,0.0,1181.35,0,0
2018-08-13,0.0,0.0,0.0,1162.38,0,0
2018-08-14,0.0,0.0,0.0,1167.31,0,0
2018-08-16,0.0,0.0,0.0,1156.57,0,0
2018-08-17,0.0,0.0,0.0,1160.08,0,0
2018-08-20,0.0,0.0,0.0,1159.51,0,0
2018-08-21,0.0,0.0,0.0,1173.28,0,0
2018-08-22,0.0,0.0,0.0,1176.95,0,0
2018-08-23,0.0,0.0,0.0,1182.1,0,0
2018-08-24,0.0,0.0,0.0,1186.95,0,0
2018-08-27,0.0,0.0,0.0,1192.41,0,0
2018-08-28,0.0,0.0,0.0,1193.89,0,0
2018-08-29,0.0,0.0,0.0,1197.47,0,0
2018-08-30,0.0,0.0,0.0,1198.16,0,0
2018-08-31,0.0,0.0,0.0,1209.21,0,0
2018-09-03,0.0,0.0,0.0,1199.83,0,0
2018-09-04,0.0,0.0,0.0,1205.44,0,0
2018-09-05,0.0,0.0,0.0,1189.58,0,0
2018-09-06,0.0,0.0,0.0,1186.53,0,0
2018-09-07,0.0,0.0,0.0,1181.38,0,0
2018-09-10,0.0,0.0,0.0,1184.06,0,0
2018-09-11,0.0,0.0,0.0,1180.03,0,0
2018-09-12,0.0,0.0,0.0,1180.36,0,0
2018-09-13,0.0,0.0,0.0,1181.5,0,0
2018-09-14,0.0,0.0,0.0,1200.41,0,0
2018-09-17,0.0,0.0,0.0,1190.9,0,0
2018-09-18,0.0,0.0,0.0,1193.89,0,0
2018-09-19,0.0,0.0,0.0,1196.38,0,0
2018-09-20,0.0,0.0,0.0,1206.13,0,0
2018-09-21,0.0,0.0,0.0,1213.85,0,0
2018-09-27,0.0,0.0,0.0,1221.45,0,0
2018-09-28,0.0,0.0,0.0,1212.83,0,0
2018-10-01,0.0,0.0,0.0,1210.59,0,0
2018-10-02,0.0,0.0,0.0,1192.9,0,0
2018-10-04,0.0,0.0,0.0,1174.13,0,0
2018-10-05,0.0,0.0,0.0,1170.56,0,0
2018-10-08,0.0,0.0,0.0,1164.74,0,0
2018-10-10,0.0,0.0,0.0,1155.62,0,0
2018-10-11,0.0,0.0,0.0,1103.39,0,0
2018-10-12,0.0,0.0,0.0,1121.46,0,0
2018-10-15,0.0,0.0,0.0,1111.06,0,0
2018-10-16,0.0,0.0,0.0,1111.94,0,0
2018-10-17,0.0,0.0,0.0,1123.73,0,0
2018-10-18,0.0,0.0,0.0,1112.39,0,0
2018-10-19,0.0,0.0,0.0,1118.25,0,0
2018-10-22,0.0,0.0,0.0,1122.47,0,0
2018-10-23,0.0,0.0,0.0,1094.62,0,0
2018-10-24,0.0,0.0,0.0,1089.68,0,0
2018-10-25,0.0,0.0,0.0,1069.35,0,0
2018-10-26,0.0,0.0,0.0,1051.38,0,0
2018-10-29,0.0,0.0,0.0,1040.59,0,0
2018-10-30,0.0,0.0,0.0,1050.01,0,0
2018-10-31,0.0,0.0,0.0,1055.2,0,0
2018-11-01,0.0,0.0,0.0,1051.49,0,0
2018-11-02,0.0,0.0,0.0,1092.38,0,0
2018-11-05,0.0,0.0,0.0,1083.37,0,0
2018-11-06,0.0,0.0,0.0,1089.0,0,0
2018-11-07,0.0,0.0,0.0,1084.26,0,0
2018-11-08,0.0,0.0,0.0,1090.67,0,0
2018-11-09,0.0,0.0,0.0,1088.25,0,0
2018-11-12,0.0,0.0,0.0,1088.08,0,0
2018-11-13,0.0,0.0,0.0,1081.81,0,0
2018-11-14,0.0,0.0,0.0,1079.41,0,0
2018-11-15,0.0,0.0,0.0,1088.87,0,0
2018-11-16,0.0,0.0,0.0,1090.78,0,0
2018-11-19,0.0,0.0,0.0,1094.54,0,0
2018-11-20,0.0,0.0,0.0,1082.0,0,0
2018-11-21,0.0,0.0,0.0,1077.71,0,0
2018-11-22,0.0,0.0,0.0,1075.37,0,0
2018-11-23,0.0,0.0,0.0,1069.21,0,0
2018-11-26,0.0,0.0,0.0,1083.41,0,0
2018-11-27,0.0,0.0,0.0,1093.21,0,0
2018-11-28,0.0,0.0,0.0,1096.92,0,0
2018-11-29,0.0,0.0,0.0,1098.79,0,0
2018-11-30,0.0,0.0,0.0,1088.31,0,0
2018-12-03,0.0,0.0,0.0,1108.03,0,0
2018-12-04,0.0,0.0,0.0,1097.48,0,0
2018-12-05,0.0,0.0,0.0,1089.86,0,0
2018-12-06,0.0,0.0,0.0,1071.62,0,0
2018-12-07,0.0,0.0,0.0,1076.55,0,0
2018-12-10,0.0,0.0,0.0,1063.46,0,0
2018-12-11,0.0,0.0,0.0,1060.82,0,0
2018-12-12,0.0,0.0,0.0,1076.53,0,0
2018-12-13,0.0,0.0,0.0,1080.44,0,0
2018-12-14,0.0,0.0,0.0,1064.41,0,0
2018-12-17,0.0,0.0,0.0,1066.06,0,0
2018-12-18,0.0,0.0,0.0,1061.91,0,0
2018-12-19,0.0,0.0,0.0,1072.21,0,0
2018-12-20,0.0,0.0,0.0,1062.39,0,0
2018-12-21,0.0,0.0,0.0,1063.94,0,0
2018-12-24,0.0,0.0,0.0,1061.49,0,0
2018-12-26,0.0,0.0,0.0,1048.63,0,0
2018-12-27,0.0,0.0,0.0,1045.43,0,0
2018-12-28,0.0,0.0,0.0,1052.68,0,0
2019-01-02,0.0,0.0,0.0,1037.41,0,0
2019-01-03,0.0,0.0,0.0,1025.52,0,0
2019-01-04,0.0,0.0,0.0,1033.96,0,0
2019-01-07,0.0,0.0,0.0,1048.71,0,0
2019-01-08,0.0,0.0,0.0,1041.02,0,0
2019-01-09,0.0,0.0,0.0,1064.38,0,0
2019-01-10,0.0,0.0,0.0,1064.0,0,0
2019-01-11,0.0,0.0,0.0,1070.47,0,0
2019-01-14,0.0,0.0,0.0,1061.31,0,0
2019-01-15,0.0,0.0,0.0,1080.97,0,0
2019-01-16,0.0,0.0,0.0,1086.36,0,0
2019-01-17,0.0,0.0,0.0,1088.69,0,0
2019-01-18,0.0,0.0,0.0,1097.72,0,0
2019-01-21,0.0,0.0,0.0,1096.71,0,0
2019-01-22,0.0,0.0,0.0,1091.95,0,0
2019-01-23,0.0,0.0,0.0,1095.48,0,0
2019-01-24,0.0,0.0,0.0,1108.19,0,0
2019-01-25,0.0,0.0,0.0,1126.38,0,0
2019-01-28,0.0,0.0,0.0,1127.7,0,0
2019-01-29,0.0,0.0,0.0,1132.6,0,0
2019-01-30,0.0,0.0,0.0,1146.93,0,0
2019-01-31,0.0,0.0,0.0,1146.47,0,0
2019-02-01,0.0,0.0,0.0,1146.18,0,0
2019-02-07,0.0,0.0,0.0,1146.71,0,0
2019-02-08,0.0,0.0,0.0,1130.7,0,0
2019-02-11,0.0,0.0,0.0,1133.7,0,0
2019-02-12,0.0,0.0,0.0,1139.65,0,0
2019-02-13,0.0,0.0,0.0,1145.68,0,0
2019-02-14,0.0,0.0,0.0,1160.54,0,0
2019-02-15,0.0,0.0,0.0,1142.35,0,0
2019-02-18,0.0,0.0,0.0,1149.86,0,0
2019-02-19,0.0,0.0,0.0,1146.56,0,0
2019-02-20,0.0,0.0,0.0,1160.9,0,0
2019-02-21,0.0,0.0,0.0,1160.97,0,0
2019-02-22,0.0,0.0,0.0,1161.2,0,0
2019-02-25,0.0,0.0,0.0,1163.97,0,0
2019-02-26,0.0,0.0,0.0,1159.47,0,0
2019-02-27,0.0,0.0,0.0,1164.38,0,0
2019-02-28,0.0,0.0,0.0,1144.06,0,0
2019-03-04,0.0,0.0,0.0,1141.62,0,0
2019-03-05,0.0,0.0,0.0,1134.19,0,0
2019-03-06,0.0,0.0,0.0,1131.9,0,0
2019-03-07,0.0,0.0,0.0,1128.26,0,0
2019-03-08,0.0,0.0,0.0,1113.19,0,0
2019-03-11,0.0,0.0,0.0,1114.97,0,0
2019-03-12,0.0,0.0,0.0,1128.42,0,0
2019-03-13,0.0,0.0,0.0,1121.66,0,0
2019-03-14,0.0,0.0,0.0,1123.79,0,0
2019-03-15,0.0,0.0,0.0,1134.25,0,0
2019-03-18,0.0,0.0,0.0,1134.16,0,0
2019-03-19,0.0,0.0,0.0,1132.96,0,0
2019-03-20,0.0,0.0,0.0,1134.33,0,0
2019-03-21,0.0,0.0,0.0,1144.23,0,0
2019-03-22,0.0,0.0,0.0,1147.92,0,0
2019-03-25,0.0,0.0,0.0,1124.21,0,0
2019-03-26,0.0,0.0,0.0,1125.7,0,0
2019-03-27,0.0,0.0,0.0,1122.52,0,0
2019-03-28,0.0,0.0,0.0,1112.79,0,0
2019-03-29,0.0,0.0,0.0,1119.41,0,0
2019-04-01,0.0,0.0,0.0,1133.75,0,0
2019-04-02,0.0,0.0,0.0,1140.21,0,0
2019-04-03,0.0,0.0,0.0,1157.08,0,0
2019-04-04,0.0,0.0,0.0,1159.71,0,0
2019-04-05,0.0,0.0,0.0,1160.62,0,0
2019-04-08,0.0,0.0,0.0,1159.36,0,0
2019-04-09,0.0,0.0,0.0,1160.77,0,0
2019-04-10,0.0,0.0,0.0,1165.23,0,0
2019-04-11,0.0,0.0,0.0,1163.78,0,0
2019-04-12,0.0,0.0,0.0,1167.74,0,0
2019-04-15,0.0,0.0,0.0,1171.36,0,0
2019-04-16,0.0,0.0,0.0,1176.66,0,0
2019-04-17,0.0,0.0,0.0,1174.47,0,0
2019-04-18,0.0,0.0,0.0,1153.74,0,0
2019-04-19,0.0,0.0,0.0,1155.31,0,0
2019-04-22,0.0,0.0,0.0,1155.29,0,0
2019-04-23,0.0,0.0,0.0,1157.39,0,0
2019-04-24,0.0,0.0,0.0,1147.18,0,0
2019-04-25,0.0,0.0,0.0,1142.83,0,0
2019-04-26,0.0,0.0,0.0,1137.1,0,0
2019-04-29,0.0,0.0,0.0,1159.65,0,0
2019-04-30,0.0,0.0,0.0,1153.17,0,0
2019-05-02,0.0,0.0,0.0,1157.15,0,0
2019-05-03,0.0,0.0,0.0,1148.54,0,0
2019-05-07,0.0,0.0,0.0,1138.41,0,0
2019-05-08,0.0,0.0,0.0,1131.26,0,0
2019-05-09,0.0,0.0,0.0,1094.58,0,0
2019-05-10,0.0,0.0,0.0,1099.01,0,0
2019-05-13,0.0,0.0,0.0,1084.57,0,0
2019-05-14,0.0,0.0,0.0,1084.72,0,0
2019-05-15,0.0,0.0,0.0,1091.26,0,0
2019-05-16,0.0,0.0,0.0,1075.85,0,0
2019-05-17,0.0,0.0,0.0,1069.09,0,0
2019-05-20,0.0,0.0,0.0,1071.48,0,0
2019-05-21,0.0,0.0,0.0,1077.7,0,0
2019-05-22,0.0,0.0,0.0,1080.53,0,0
2019-05-23,0.0,0.0,0.0,1078.42,0,0
2019-05-24,0.0,0.0,0.0,1068.6,0,0
2019-05-27,0.0,0.0,0.0,1067.91,0,0
2019-05-28,0.0,0.0,0.0,1070.74,0,0
2019-05-29,0.0,0.0,0.0,1056.02,0,0
2019-05-30,0.0,0.0,0.0,1065.23,0,0
2019-05-31,0.0,0.0,0.0,1066.14,0,0
2019-06-03,0.0,0.0,0.0,1082.37,0,0
2019-06-04,0.0,0.0,0.0,1080.82,0,0
2019-06-05,0.0,0.0,0.0,1083.72,0,0
2019-06-07,0.0,0.0,0.0,1086.3,0,0
2019-06-10,0.0,0.0,0.0,1100.76,0,0
2019-06-11,0.0,0.0,0.0,1105.68,0,0
2019-06-12,0.0,0.0,0.0,1102.28,0,0
2019-06-13,0.0,0.0,0.0,1095.34,0,0
2019-06-14,0.0,0.0,0.0,1093.19,0,0
2019-06-17,0.0,0.0,0.0,1091.11,0,0
2019-06-18,0.0,0.0,0.0,1095.75,0,0
2019-06-19,0.0,0.0,0.0,1111.61,0,0
2019-06-20,0.0,0.0,0.0,1115.3,0,0
2019-06-21,0.0,0.0,0.0,1113.02,0,0
2019-06-24,0.0,0.0,0.0,1112.29,0,0
2019-06-25,0.0,0.0,0.0,1111.05,0,0
2019-06-26,0.0,0.0,0.0,1112.38,0,0
2019-06-27,0.0,0.0,0.0,1118.2,0,0
2019-06-28,0.0,0.0,0.0,1116.69,0,0
2019-07-01,0.0,0.0,0.0,1117.12,0,0
2019-07-02,0.0,0.0,0.0,1111.59,0,0
2019-07-03,0.0,0.0,0.0,1097.82,0,0
2019-07-04,0.0,0.0,0.0,1105.67,0,0
2019-07-05,0.0,0.0,0.0,1105.64,0,0
2019-07-08,0.0,0.0,0.0,1079.98,0,0
2019-07-09,0.0,0.0,0.0,1076.16,0,0
2019-07-10,0.0,0.0,0.0,1081.32,0,0
2019-07-11,0.0,0.0,0.0,1094.73,0,0
2019-07-12,0.0,0.0,0.0,1097.8,0,0
2019-07-15,0.0,0.0,0.0,1097.51,0,0
2019-07-16,0.0,0.0,0.0,1102.61,0,0
2019-07-17,0.0,0.0,0.0,1091.77,0,0
2019-07-18,0.0,0.0,0.0,1088.76,0,0
2019-07-19,0.0,0.0,0.0,1104.87,0,0
2019-07-22,0.0,0.0,0.0,1105.43,0,0
2019-07-23,0.0,0.0,0.0,1109.19,0,0
2019-07-24,0.0,0.0,0.0,1097.78,0,0
2019-07-25,0.0,0.0,0.0,1097.35,0,0
2019-07-26,0.0,0.0,0.0,1093.66,0,0
2019-07-29,0.0,0.0,0.0,1072.52,0,0
2019-07-30,0.0,0.0,0.0,1077.52,0,0
2019-07-31,0.0,0.0,0.0,1067.36,0,0
2019-08-01,0.0,0.0,0.0,1064.34,0,0
2019-08-02,0.0,0.0,0.0,1052.6,0,0
2019-08-05,0.0,0.0,0.0,1024.02,0,0
2019-08-06,0.0,0.0,0.0,1007.81,0,0
2019-08-07,0.0,0.0,0.0,1004.91,0,0
2019-08-08,0.0,0.0,0.0,1009.62,0,0
2019-08-09,0.0,0.0,0.0,1018.84,0,0
2019-08-12,0.0,0.0,0.0,1022.12,0,0
2019-08-13,0.0,0.0,0.0,1011.98,0,0
2019-08-14,0.0,0.0,0.0,1020.46,0,0
2019-08-16,0.0,0.0,0.0,1017.37,0,0
2019-08-19,0.0,0.0,0.0,1021.47,0,0
2019-08-20,0.0,0.0,0.0,1034.34,0,0
2019-08-21,0.0,0.0,0.0,1037.54,0,0
2019-08-22,0.0,0.0,0.0,1029.21,0,0
2019-08-23,0.0,0.0,0.0,1028.29,0,0
2019-08-26,0.0,0.0,0.0,1010.42,0,0
2019-08-27,0.0,0.0,0.0,1016.24,0,0
2019-08-28,0.0,0.0,0.0,1025.85,0,0
2019-08-29,0.0,0.0,0.0,1019.4,0,0
2019-08-30,0.0,0.0,0.0,1037.38,0,0
2019-09-02,0.0,0.0,0.0,1038.88,0,0
2019-09-03,0.0,0.0,0.0,1034.12,0,0
2019-09-04,0.0,0.0,0.0,1048.53,0,0
2019-09-05,0.0,0.0,0.0,1061.67,0,0
2019-09-06,0.0,0.0,0.0,1066.08,0,0
2019-09-09,0.0,0.0,0.0,1073.04,0,0
2019-09-10,0.0,0.0,0.0,1077.51,0,0
2019-09-11,0.0,0.0,0.0,1085.01,0,0
2019-09-16,0.0,0.0,0.0,1090.97,0,0
2019-09-17,0.0,0.0,0.0,1090.35,0,0
2019-09-18,0.0,0.0,0.0,1096.53,0,0
2019-09-19,0.0,0.0,0.0,1104.8,0,0
2019-09-20,0.0,0.0,0.0,1110.52,0,0
2019-09-23,0.0,0.0,0.0,1110.55,0,0
2019-09-24,0.0,0.0,0.0,1114.26,0,0
2019-09-25,0.0,0.0,0.0,1099.11,0,0
2019-09-26,0.0,0.0,0.0,1101.22,0,0
2019-09-27,0.0,0.0,0.0,1087.81,0,0
2019-09-30,0.0,0.0,0.0,1095.72,0,0
2019-10-01,0.0,0.0,0.0,1100.87,0,0
2019-10-02,0.0,0.0,0.0,1078.07,0,0
2019-10-04,0.0,0.0,0.0,1074.5,0,0
2019-10-07,0.0,0.0,0.0,1077.39,0,0
2019-10-08,0.0,0.0,0.0,1092.46,0,0
2019-10-10,0.0,0.0,0.0,1081.64,0,0
2019-10-11,0.0,0.0,0.0,1091.07,0,0
2019-10-14,0.0,0.0,0.0,1104.34,0,0
2019-10-15,0.0,0.0,0.0,1105.94,0,0
2019-10-16,0.0,0.0,0.0,1114.64,0,0
2019-10-17,0.0,0.0,0.0,1110.85,0,0
2019-10-18,0.0,0.0,0.0,1099.64,0,0
2019-10-21,0.0,0.0,0.0,1105.09,0,0
2019-10-22,0.0,0.0,0.0,1120.59,0,0
2019-10-23,0.0,0.0,0.0,1118.67,0,0
2019-10-24,0.0,0.0,0.0,1119.89,0,0
2019-10-25,0.0,0.0,0.0,1120.06,0,0
2019-10-28,0.0,0.0,0.0,1121.8,0,0
2019-10-29,0.0,0.0,0.0,1123.05,0,0
2019-10-30,0.0,0.0,0.0,1114.92,0,0
2019-10-31,0.0,0.0,0.0,1117.48,0,0
2019-11-01,0.0,0.0,0.0,1128.1,0,0
2019-11-04,0.0,0.0,0.0,1145.13,0,0
2019-11-05,0.0,0.0,0.0,1152.61,0,0
2019-11-06,0.0,0.0,0.0,1152.35,0,0
2019-11-07,0.0,0.0,0.0,1150.96,0,0
2019-11-08,0.0,0.0,0.0,1144.45,0,0
2019-11-11,0.0,0.0,0.0,1135.48,0,0
2019-11-12,0.0,0.0,0.0,1146.73,0,0
2019-11-13,0.0,0.0,0.0,1137.14,0,0
2019-11-14,0.0,0.0,0.0,1147.28,0,0
2019-11-15,0.0,0.0,0.0,1161.39,0,0
2019-11-18,0.0,0.0,0.0,1160.31,0,0
2019-11-19,0.0,0.0,0.0,1156.26,0,0
2019-11-20,0.0,0.0,0.0,1138.78,0,0
2019-11-21,0.0,0.0,0.0,1121.62,0,0
2019-11-22,0.0,0.0,0.0,1126.03,0,0
2019-11-25,0.0,0.0,0.0,1138.22,0,0
2019-11-26,0.0,0.0,0.0,1136.46,0,0
2019-11-27,0.0,0.0,0.0,1140.53,0,0
2019-11-28,0.0,0.0,0.0,1132.53,0,0
2019-11-29,0.0,0.0,0.0,1114.2,0,0
2019-12-02,0.0,0.0,0.0,1116.72,0,0
2019-12-03,0.0,0.0,0.0,1110.31,0,0
2019-12-04,0.0,0.0,0.0,1102.99,0,0
2019-12-05,0.0,0.0,0.0,1098.24,0,0
2019-12-06,0.0,0.0,0.0,1111.59,0,0
2019-12-09,0.0,0.0,0.0,1117.4,0,0
2019-12-10,0.0,0.0,0.0,1122.44,0,0
2019-12-11,0.0,0.0,0.0,1126.21,0,0
2019-12-12,0.0,0.0,0.0,1146.54,0,0
2019-12-13,0.0,0.0,0.0,1166.92,0,0
2019-12-16,0.0,0.0,0.0,1164.99,0,0
2019-12-17,0.0,0.0,0.0,1184.57,0,0
2019-12-18,0.0,0.0,0.0,1183.82,0,0
2019-12-19,0.0,0.0,0.0,1184.02,0,0
2019-12-20,0.0,0.0,0.0,1188.32,0,0
2019-12-23,0.0,0.0,0.0,1186.98,0,0
2019-12-24,0.0,0.0,0.0,1178.21,0,0
2019-12-26,0.0,0.0,0.0,1184.73,0,0
2019-12-27,0.0,0.0,0.0,1190.18,0,0
2019-12-30,0.0,0.0,0.0,1186.08,0,0
2020-01-02,0.0,0.0,0.0,1173.19,0,0
2020-01-03,0.0,0.0,0.0,1173.56,0,0
2020-01-06,0.0,0.0,0.0,1162.46,0,0
2020-01-07,0.0,0.0,0.0,1174.51,0,0
2020-01-08,0.0,0.0,0.0,1164.56,0,0
2020-01-09,0.0,0.0,0.0,1187.39,0,0
2020-01-10,0.0,0.0,0.0,1198.33,0,0
2020-01-13,0.0,0.0,0.0,1209.7,0,0
2020-01-14,0.0,0.0,0.0,1214.45,0,0
2020-01-15,0.0,0.0,0.0,1206.78,0,0
2020-01-16,0.0,0.0,0.0,1219.94,0,0
2020-01-17,0.0,0.0,0.0,1222.21,0,0
2020-01-20,0.0,0.0,0.0,1230.45,0,0
2020-01-21,0.0,0.0,0.0,1216.01,0,0
2020-01-22,0.0,0.0,0.0,1232.98,0,0
2020-01-23,0.0,0.0,0.0,1218.92,0,0
2020-01-28,0.0,0.0,0.0,1179.95,0,0
2020-01-29,0.0,0.0,0.0,1185.12,0,0
2020-01-30,0.0,0.0,0.0,1162.22,0,0
2020-01-31,0.0,0.0,0.0,1145.6,0,0
2020-02-03,0.0,0.0,0.0,1148.76,0,0
2020-02-04,0.0,0.0,0.0,1171.55,0,0
2020-02-05,0.0,0.0,0.0,1176.51,0,0
2020-02-06,0.0,0.0,0.0,1210.11,0,0
2020-02-07,0.0,0.0,0.0,1201.0,0,0
2020-02-10,0.0,0.0,0.0,1194.12,0,0
2020-02-11,0.0,0.0,0.0,1205.72,0,0
2020-02-12,0.0,0.0,0.0,1214.63,0,0
2020-02-13,0.0,0.0,0.0,1212.79,0,0
2020-02-14,0.0,0.0,0.0,1221.08,0,0
2020-02-17,0.0,0.0,0.0,1220.0,0,0
2020-02-18,0.0,0.0,0.0,1198.9,0,0
2020-02-19,0.0,0.0,0.0,1201.18,0,0
2020-02-20,0.0,0.0,0.0,1194.03,0,0
2020-02-21,0.0,0.0,0.0,1176.18,0,0
2020-02-24,0.0,0.0,0.0,1129.95,0,0
2020-02-25,0.0,0.0,0.0,1145.47,0,0
2020-02-26,0.0,0.0,0.0,1129.87,0,0
2020-02-27,0.0,0.0,0.0,1117.47,0,0
2020-02-28,0.0,0.0,0.0,1079.95,0,0
2020-03-02,0.0,0.0,0.0,1091.23,0,0
2020-03-03,0.0,0.0,0.0,1095.82,0,0
2020-03-04,0.0,0.0,0.0,1122.29,0,0
2020-03-05,0.0,0.0,0.0,1135.22,0,0
2020-03-06,0.0,0.0,0.0,1110.97,0,0
2020-03-09,0.0,0.0,0.0,1062.62,0,0
2020-03-10,0.0,0.0,0.0,1069.02,0,0
2020-03-11,0.0,0.0,0.0,1036.49,0,0
2020-03-12,0.0,0.0,0.0,997.48,0,0
2020-03-13,0.0,0.0,0.0,966.31,0,0
2020-03-16,0.0,0.0,0.0,935.64,0,0
2020-03-17,0.0,0.0,0.0,914.8,0,0
2020-03-18,0.0,0.0,0.0,869.2,0,0
2020-03-19,0.0,0.0,0.0,799.53,0,0
2020-03-20,0.0,0.0,0.0,858.95,0,0
2020-03-23,0.0,0.0,0.0,811.58,0,0
2020-03-24,0.0,0.0,0.0,885.78,0,0
2020-03-25,0.0,0.0,0.0,938.4,0,0
2020-03-26,0.0,0.0,0.0,928.35,0,0
2020-03-27,0.0,0.0,0.0,946.11,0,0
2020-03-30,0.0,0.0,0.0,945.51,0,0
2020-03-31,0.0,0.0,0.0,967.62,0,0
2020-04-01,0.0,0.0,0.0,924.69,0,0
2020-04-02,0.0,0.0,0.0,947.6,0,0
2020-04-03,0.0,0.0,0.0,947.67,0,0
2020-04-06,0.0,0.0,0.0,984.57,0,0
2020-04-07,0.0,0.0,0.0,1001.37,0,0
2020-04-08,0.0,0.0,0.0,990.13,0,0
2020-04-09,0.0,0.0,0.0,1006.12,0,0
2020-04-10,0.0,0.0,0.0,1015.27,0,0
2020-04-13,0.0,0.0,0.0,996.43,0,0
2020-04-14,0.0,0.0,0.0,1013.89,0,0
2020-04-16,0.0,0.0,0.0,1014.58,0,0
2020-04-17,0.0,0.0,0.0,1045.22,0,0
2020-04-20,0.0,0.0,0.0,1034.61,0,0
2020-04-21,0.0,0.0,0.0,1023.21,0,0
2020-04-22,0.0,0.0,0.0,1032.84,0,0
2020-04-23,0.0,0.0,0.0,1041.0,0,0
2020-04-24,0.0,0.0,0.0,1026.22,0,0
2020-04-27,0.0,0.0,0.0,1045.43,0,0
2020-04-28,0.0,0.0,0.0,1050.95,0,0
2020-04-29,0.0,0.0,0.0,1057.88,0,0
2020-05-04,0.0,0.0,0.0,1029.1,0,0
2020-05-06,0.0,0.0,0.0,1048.45,0,0
2020-05-07,0.0,0.0,0.0,1048.2,0,0
2020-05-08,0.0,0.0,0.0,1058.65,0,0
2020-05-11,0.0,0.0,0.0,1053.41,0,0
2020-05-12,0.0,0.0,0.0,1046.6,0,0
2020-05-13,0.0,0.0,0.0,1055.58,0,0
2020-05-14,0.0,0.0,0.0,1046.9,0,0
2020-05-15,0.0,0.0,0.0,1048.03,0,0
2020-05-18,0.0,0.0,0.0,1052.76,0,0
2020-05-19,0.0,0.0,0.0,1077.52,0,0
2020-05-20,0.0,0.0,0.0,1082.94,0,0
2020-05-21,0.0,0.0,0.0,1088.02,0,0
2020-05-22,0.0,0.0,0.0,1072.42,0,0
2020-05-25,0.0,0.0,0.0,1086.04,0,0
2020-05-26,0.0,0.0,0.0,1104.22,0,0
2020-05-27,0.0,0.0,0.0,1104.42,0,0
2020-05-28,0.0,0.0,0.0,1103.83,0,0
2020-05-29,0.0,0.0,0.0,1105.29,0,0
2020-06-01,0.0,0.0,0.0,1128.19,0,0
2020-06-02,0.0,0.0,0.0,1141.27,0,0
2020-06-03,0.0,0.0,0.0,1175.8,0,0
2020-06-04,0.0,0.0,0.0,1178.21,0,0
2020-06-05,0.0,0.0,0.0,1195.89,0,0
2020-06-08,0.0,0.0,0.0,1197.1,0,0
2020-06-09,0.0,0.0,0.0,1199.44,0,0
2020-06-10,0.0,0.0,0.0,1202.63,0,0
2020-06-11,0.0,0.0,0.0,1191.72,0,0
2020-06-12,0.0,0.0,0.0,1166.0,0,0
2020-06-15,0.0,0.0,0.0,1107.08,0,0
2020-06-16,0.0,0.0,0.0,1170.17,0,0
2020-06-17,0.0,0.0,0.0,1170.94,0,0
2020-06-18,0.0,0.0,0.0,1166.81,0,0
2020-06-19,0.0,0.0,0.0,1171.69,0,0
2020-06-22,0.0,0.0,0.0,1166.27,0,0
2020-06-23,0.0,0.0,0.0,1167.1,0,0
2020-06-24,0.0,0.0,0.0,1188.64,0,0
2020-06-25,0.0,0.0,0.0,1161.39,0,0
2020-06-26,0.0,0.0,0.0,1175.33,0,0
2020-06-29,0.0,0.0,0.0,1152.7,0,0
2020-06-30,0.0,0.0,0.0,1161.31,0,0
2020-07-01,0.0,0.0,0.0,1159.73,0,0
2020-07-02,0.0,0.0,0.0,1175.28,0,0
2020-07-03,0.0,0.0,0.0,1185.44,0,0
2020-07-06,0.0,0.0,0.0,1204.8,0,0
2020-07-07,0.0,0.0,0.0,1189.93,0,0
2020-07-08,0.0,0.0,0.0,1188.21,0,0
2020-07-09,0.0,0.0,0.0,1193.16,0,0
2020-07-10,0.0,0.0,0.0,1186.61,0,0
2020-07-13,0.0,0.0,0.0,1206.46,0,0
2020-07-14,0.0,0.0,0.0,1206.72,0,0
2020-07-15,0.0,0.0,0.0,1218.09,0,0
2020-07-16,0.0,0.0,0.0,1206.09,0,0
2020-07-17,0.0,0.0,0.0,1216.89,0,0
2020-07-20,0.0,0.0,0.0,1215.32,0,0
2020-07-21,0.0,0.0,0.0,1233.26,0,0
2020-07-22,0.0,0.0,0.0,1230.18,0,0
2020-07-23,0.0,0.0,0.0,1226.51,0,0
2020-07-24,0.0,0.0,0.0,1218.78,0,0
2020-07-27,0.0,0.0,0.0,1231.76,0,0
2020-07-28,0.0,0.0,0.0,1258.7,0,0
2020-07-29,0.0,0.0,0.0,1264.17,0,0
2020-07-30,0.0,0.0,0.0,1266.42,0,0
2020-07-31,0.0,0.0,0.0,1256.46,0,0
2020-08-03,0.0,0.0,0.0,1258.74,0,0
2020-08-04,0.0,0.0,0.0,1272.88,0,0
2020-08-05,0.0,0.0,0.0,1287.1,0,0
2020-08-06,0.0,0.0,0.0,1309.1,0,0
2020-08-07,0.0,0.0,0.0,1313.71,0,0
2020-08-10,0.0,0.0,0.0,1330.45,0,0
2020-08-11,0.0,0.0,0.0,1346.43,0,0
2020-08-12,0.0,0.0,0.0,1347.74,0,0
2020-08-13,0.0,0.0,0.0,1350.9,0,0
2020-08-14,0.0,0.0,0.0,1331.02,0,0
2020-08-18,0.0,0.0,0.0,1302.22,0,0
2020-08-19,0.0,0.0,0.0,1308.82,0,0
2020-08-20,0.0,0.0,0.0,1258.7,0,0
2020-08-21,0.0,0.0,0.0,1274.93,0,0
2020-08-24,0.0,0.0,0.0,1290.76,0,0
2020-08-25,0.0,0.0,0.0,1310.46,0,0
2020-08-26,0.0,0.0,0.0,1313.52,0,0
2020-08-27,0.0,0.0,0.0,1301.43,0,0
2020-08-28,0.0,0.0,0.0,1306.07,0,0
2020-08-31,0.0,0.0,0.0,1290.38,0,0
2020-09-01,0.0,0.0,0.0,1301.87,0,0
2020-09-02,0.0,0.0,0.0,1310.49,0,0
2020-09-03,0.0,0.0,0.0,1330.76,0,0
2020-09-04,0.0,0.0,0.0,1313.43,0,0
2020-09-07,0.0,0.0,0.0,1323.66,0,0
2020-09-08,0.0,0.0,0.0,1336.85,0,0
2020-09-09,0.0,0.0,0.0,1322.24,0,0
2020-09-10,0.0,0.0,0.0,1335.77,0,0
2020-09-11,0.0,0.0,0.0,1335.63,0,0
2020-09-14,0.0,0.0,0.0,1354.73,0,0
2020-09-15,0.0,0.0,0.0,1364.8,0,0
2020-09-16,0.0,0.0,0.0,1360.87,0,0
2020-09-17,0.0,0.0,0.0,1341.81,0,0
2020-09-18,0.0,0.0,0.0,1344.39,0,0
2020-09-21,0.0,0.0,0.0,1330.59,0,0
2020-09-22,0.0,0.0,0.0,1298.88,0,0
2020-09-23,0.0,0.0,0.0,1301.64,0,0
2020-09-24,0.0,0.0,0.0,1268.64,0,0
2020-09-25,0.0,0.0,0.0,1272.33,0,0
2020-09-28,0.0,0.0,0.0,1290.44,0,0
2020-09-29,0.0,0.0,0.0,1300.46,0,0
2020-10-05,0.0,0.0,0.0,1318.12,0,0
2020-10-06,0.0,0.0,0.0,1322.21,0,0
2020-10-07,0.0,0.0,0.0,1334.07,0,0
2020-10-08,0.0,0.0,0.0,1335.44,0,0
2020-10-12,0.0,0.0,0.0,1341.93,0,0
2020-10-13,0.0,0.0,0.0,1341.97,0,0
2020-10-14,0.0,0.0,0.0,1329.37,0,0
2020-10-15,0.0,0.0,0.0,1315.86,0,0
2020-10-16,0.0,0.0,0.0,1306.38,0,0
2020-10-19,0.0,0.0,0.0,1307.21,0,0
2020-10-20,0.0,0.0,0.0,1316.76,0,0
2020-10-21,0.0,0.0,0.0,1322.22,0,0
2020-10-22,0.0,0.0,0.0,1311.52,0,0
2020-10-23,0.0,0.0,0.0,1313.98,0,0
2020-10-26,0.0,0.0,0.0,1304.36,0,0
2020-10-27,0.0,0.0,0.0,1299.07,0,0
2020-10-28,0.0,0.0,0.0,1308.54,0,0
2020-10-29,0.0,0.0,0.0,1298.52,0,0
2020-10-30,0.0,0.0,0.0,1263.18,0,0
2020-11-02,0.0,0.0,0.0,1281.15,0,0
2020-11-03,0.0,0.0,0.0,1306.56,0,0
2020-11-04,0.0,0.0,0.0,1314.27,0,0
2020-11-05,0.0,0.0,0.0,1345.44,0,0
2020-11-06,0.0,0.0,0.0,1344.05,0,0
2020-11-09,0.0,0.0,0.0,1359.87,0,0
2020-11-10,0.0,0.0,0.0,1359.16,0,0
2020-11-11,0.0,0.0,0.0,1376.21,0,0
2020-11-12,0.0,0.0,0.0,1370.17,0,0
2020-11-13,0.0,0.0,0.0,1383.64,0,0
2020-11-16,0.0,0.0,0.0,1414.14,0,0
2020-11-17,0.0,0.0,0.0,1409.63,0,0
2020-11-18,0.0,0.0,0.0,1411.32,0,0
2020-11-19,0.0,0.0,0.0,1413.03,0,0
2020-11-20,0.0,0.0,0.0,1416.97,0,0
2020-11-23,0.0,0.0,0.0,1447.02,0,0
2020-11-24,0.0,0.0,0.0,1451.88,0,0
2020-11-25,0.0,0.0,0.0,1440.93,0,0
2020-11-26,0.0,0.0,0.0,1457.73,0,0
2020-11-27,0.0,0.0,0.0,1462.44,0,0
2020-11-30,0.0,0.0,0.0,1438.07,0,0
2020-12-01,0.0,0.0,0.0,1460.39,0,0
2020-12-02,0.0,0.0,0.0,1484.35,0,0
2020-12-03,0.0,0.0,0.0,1496.21,0,0
2020-12-04,0.0,0.0,0.0,1519.38,0,0
2020-12-07,1533.65,1534.02,1511.31,1530.79,0,0
2020-12-08,1526.12,1531.05,1503.05,1503.15,0,0
2020-12-09,1515.34,1533.26,1511.46,1533.26,0,0
2020-12-10,1518.45,1539.41,1511.91,1527.67,0,0
2020-12-11,1541.64,1546.39,1536.17,1539.84,0,0
2020-12-14,1542.1,1549.25,1532.53,1538.68,0,0
2020-12-15,1542.53,1542.98,1524.11,1537.17,0,0
2020-12-16,1549.99,1550.79,1538.37,1544.9,0,0
2020-12-17,1542.11,1544.54,1528.13,1542.55,0,0
2020-12-18,1545.58,1547.51,1536.61,1540.75,0,0
2020-12-21,1541.97,1545.35,1526.66,1544.77,0,0
2020-12-22,1535.99,1543.39,1518.94,1518.94,0,0
2020-12-23,1527.23,1538.68,1511.0,1535.05,0,0
2020-12-24,1542.83,1571.54,1542.58,1566.68,0,0
2020-12-28,1583.47,1586.03,1564.06,1570.26,0,0
2020-12-29,1567.2,1579.86,1561.46,1578.8,0,0
2020-12-30,1572.86,1612.6,1570.78,1609.49,0,0
2021-01-04,1615.82,1651.58,1607.15,1649.34,0,0
2021-01-05,1639.0,1673.34,1634.08,1673.34,0,0
2021-01-06,1679.58,1691.24,1652.86,1656.31,0,0
2021-01-07,1675.85,1701.11,1671.63,1687.36,0,0
2021-01-08,1699.77,1768.77,1698.32,1762.46,0,0
2021-01-11,1783.02,1836.37,1737.31,1766.91,0,0
2021-01-12,1758.73,1770.43,1709.58,1754.92,0,0
2021-01-13,1759.49,1774.64,1742.8,1763.44,0,0
2021-01-14,1756.39,1767.67,1752.01,1761.56,0,0
2021-01-15,1777.24,1785.82,1724.73,1724.81,0,0
2021-01-18,1707.4,1722.04,1678.65,1684.62,0,0
2021-01-19,1693.35,1738.12,1680.63,1728.99,0,0
2021-01-20,1753.02,1761.01,1722.9,1741.18,0,0
2021-01-21,1756.96,1767.37,1742.22,1764.58,0,0
2021-01-22,1768.77,1776.85,1751.84,1751.84,0,0
2021-01-25,1760.68,1796.44,1752.47,1793.34,0,0
2021-01-26,1791.53,1792.75,1749.62,1753.82,0,0
2021-01-27,1765.52,1774.32,1737.67,1738.69,0,0
2021-01-28,1699.76,1729.78,1697.47,1708.78,0,0
2021-01-29,1725.88,1726.22,1652.39,1659.39,0,0
2021-02-01,1660.82,1704.75,1644.3,1704.48,0,0
2021-02-02,1720.47,1752.65,1711.51,1725.69,0,0
2021-02-03,1742.28,1751.09,1720.8,1743.05,0,0
2021-02-04,1736.19,1737.97,1706.49,1717.37,0,0
2021-02-05,1731.09,1739.92,1716.3,1737.11,0,0
2021-02-08,1733.35,1738.53,1713.94,1716.51,0,0
2021-02-09,1728.96,1738.47,1711.52,1711.54,0,0
2021-02-10,1716.66,1724.36,1698.03,1717.65,0,0
2021-02-15,1747.44,1754.96,1739.23,1748.74,0,0
2021-02-16,1753.97,1769.99,1746.62,1754.86,0,0
2021-02-17,1743.76,1744.79,1726.16,1735.36,0,0
2021-02-18,1731.79,1739.92,1708.37,1708.37,0,0
2021-02-19,1715.16,1722.73,1683.86,1721.27,0,0
2021-02-22,1734.23,1740.37,1704.12,1704.67,0,0
2021-02-23,1689.79,1712.3,1678.98,1696.43,0,0
2021-02-24,1701.17,1713.73,1659.2,1660.21,0,0
2021-02-25,1690.92,1720.98,1685.13,1720.73,0,0
2021-02-26,1681.13,1683.53,1657.99,1671.63,0,0
2021-03-02,1712.39,1720.82,1676.88,1690.96,0,0
2021-03-03,1686.72,1711.07,1681.62,1711.0,0,0
2021-03-04,1681.88,1698.86,1674.56,1686.59,0,0
2021-03-05,1665.33,1684.45,1654.07,1677.85,0,0
2021-03-08,1693.53,1693.53,1659.26,1661.79,0,0
2021-03-09,1661.42,1661.42,1625.13,1652.0,0,0
2021-03-10,1674.47,1674.47,1640.1,1644.1,0,0
2021-03-11,1652.54,1680.93,1650.68,1673.19,0,0
2021-03-12,1696.3,1698.54,1685.68,1694.68,0,0
2021-03-15,1696.25,1701.2,1685.48,1688.44,0,0
2021-03-16,1697.02,1705.39,1691.27,1702.95,0,0
2021-03-17,1701.3,1701.96,1681.85,1693.11,0,0
2021-03-18,1706.58,1719.39,1703.73,1705.34,0,0
2021-03-19,1685.15,1698.01,1680.53,1690.95,0,0
2021-03-22,1693.98,1695.44,1678.49,1687.84,0,0
2021-03-23,1701.14,1701.6,1670.38,1671.0,0,0
2021-03-24,1659.48,1673.2,1653.25,1668.11,0,0
2021-03-25,1664.05,1683.24,1662.49,1672.93,0,0
2021-03-26,1681.58,1686.39,1671.8,1685.82,0,0
2021-03-29,1691.54,1691.54,1677.27,1682.93,0,0
2021-03-30,1687.43,1703.51,1685.03,1700.84,0,0
2021-03-31,1705.71,1713.8,1694.21,1694.21,0,0
2021-04-01,1707.84,1711.5,1700.72,1711.35,0,0
2021-04-02,1727.03,1733.11,1722.27,1728.71,0,0
2021-04-05,1738.11,1738.28,1721.41,1730.73,0,0
2021-04-06,1739.96,1739.96,1723.23,1732.91,0,0
2021-04-07,1731.72,1742.45,1730.45,1736.49,0,0
2021-04-08,1736.18,1740.71,1726.89,1739.37,0,0
2021-04-09,1741.47,1746.23,1727.87,1731.35,0,0
2021-04-12,1738.27,1741.13,1728.78,1733.13,0,0
2021-04-13,1734.03,1757.09,1733.13,1754.44,0,0
2021-04-14,1760.4,1765.43,1752.09,1762.28,0,0
2021-04-15,1761.45,1772.88,1758.53,1768.35,0,0
2021-04-16,1775.08,1775.4,1762.91,1770.2,0,0
2021-04-19,1771.49,1778.24,1765.71,1769.56,0,0
2021-04-20,1768.77,1780.02,1767.95,1779.49,0,0
2021-04-21,1768.17,1768.17,1746.74,1749.21,0,0
2021-04-22,1758.35,1763.25,1751.48,1752.38,0,0
2021-04-23,1741.9,1758.16,1735.3,1755.96,0,0
2021-04-26,1761.31,1772.15,1756.81,1772.15,0,0
2021-04-27,1772.63,1772.93,1759.92,1766.12,0,0
2021-04-28,1765.79,1765.88,1742.6,1745.01,0,0
2021-04-29,1753.84,1756.75,1733.22,1740.18,0,0
2021-04-30,1741.2,1742.93,1721.86,1725.42,0,0
2021-05-03,1722.86,1738.53,1708.3,1711.68,0,0
2021-05-04,1710.97,1723.93,1701.79,1723.93,0,0
2021-05-06,1716.65,1734.1,1713.88,1734.1,0,0
2021-05-07,1735.52,1747.68,1733.75,1742.39,0,0
2021-05-10,1753.38,1774.43,1748.12,1770.45,0,0
2021-05-11,1757.61,1762.32,1737.23,1742.66,0,0
2021-05-12,1740.66,1743.59,1704.13,1715.17,0,0
2021-05-13,1687.51,1711.19,1684.38,1691.5,0,0
2021-05-14,1705.63,1717.09,1699.63,1711.94,0,0
2021-05-17,1721.69,1722.81,1697.09,1704.88,0,0
2021-05-18,1710.62,1724.84,1708.45,1722.06,0,0
2021-05-20,1713.23,1723.02,1706.91,1718.22,0,0
2021-05-21,1730.05,1742.46,1714.99,1719.1,0,0
2021-05-24,1715.12,1721.7,1706.08,1709.09,0,0
2021-05-25,1718.54,1725.87,1712.84,1723.99,0,0
2021-05-26,1727.18,1730.8,1717.45,1720.83,0,0
2021-05-27,1721.27,1721.56,1702.75,1716.33,0,0
2021-05-28,1722.09,1734.79,1718.39,1729.67,0,0
2021-05-31,1734.7,1737.96,1724.82,1737.24,0,0
2021-06-01,1739.39,1752.31,1732.89,1746.61,0,0
2021-06-02,1746.81,1755.51,1740.32,1744.23,0,0
2021-06-03,1749.35,1767.11,1747.55,1760.47,0,0
2021-06-04,1752.35,1758.83,1743.85,1755.13,0,0
2021-06-07,1767.14,1769.62,1751.2,1760.78,0,0
2021-06-08,1763.34,1767.91,1755.99,1758.81,0,0
2021-06-09,1755.98,1756.88,1740.0,1740.0,0,0
2021-06-10,1742.5,1750.94,1737.24,1745.1,0,0
2021-06-11,1754.01,1760.94,1749.7,1756.73,0,0
2021-06-14,1757.27,1759.48,1751.68,1758.32,0,0
2021-06-15,1761.02,1765.03,1755.46,1761.57,0,0
2021-06-16,1762.29,1773.46,1760.63,1771.94,0,0
2021-06-17,1761.18,1766.74,1757.71,1765.42,0,0
2021-06-18,1770.96,1774.37,1765.33,1770.77,0,0
2021-06-21,1754.17,1764.4,1751.69,1759.09,0,0
2021-06-22,1770.32,1771.8,1764.63,1769.17,0,0
2021-06-23,1777.0,1782.37,1772.04,1779.15,0,0
2021-06-24,1783.86,1787.79,1779.06,1784.12,0,0
2021-06-25,1792.72,1799.06,1786.65,1790.74,0,0
2021-06-28,1793.65,1796.29,1785.75,1790.69,0,0
2021-06-29,1793.71,1793.71,1778.93,1784.56,0,0
2021-06-30,1789.01,1796.11,1786.92,1790.94,0,0
2021-07-01,1790.88,1790.88,1781.93,1784.17,0,0
2021-07-02,1784.15,1790.69,1781.84,1783.52,0,0
2021-07-05,1790.31,1794.53,1787.01,1791.13,0,0
2021-07-06,1797.02,1801.67,1793.71,1796.86,0,0
2021-07-07,1790.81,1791.67,1784.87,1788.97,0,0
2021-07-08,1792.27,1793.83,1769.43,1769.43,0,0
2021-07-09,1753.12,1760.05,1735.08,1749.83,0,0
2021-07-12,1763.44,1765.7,1759.82,1762.93,0,0
2021-07-13,1773.23,1778.32,1771.31,1776.52,0,0
2021-07-14,1767.8,1774.01,1765.39,1773.18,0,0
2021-07-15,1778.02,1787.06,1773.33,1786.97,0,0
2021-07-16,1775.76,1781.73,1771.62,1779.44,0,0
2021-07-19,1763.92,1766.6,1758.45,1762.38,0,0
2021-07-20,1747.19,1758.46,1746.91,1757.21,0,0
2021-07-21,1768.05,1768.05,1749.13,1749.54,0,0
2021-07-22,1760.95,1770.82,1760.03,1768.31,0,0
2021-07-23,1769.75,1776.42,1765.02,1770.12,0,0
2021-07-26,1774.9,1775.18,1753.72,1754.0,0,0
2021-07-27,1764.36,1767.96,1755.92,1756.78,0,0
2021-07-28,1750.65,1762.46,1742.6,1757.54,0,0
2021-07-29,1763.57,1766.71,1756.46,1761.77,0,0
2021-07-30,1754.72,1756.62,1738.38,1738.85,0,0
2021-08-02,1748.57,1751.62,1734.91,1751.62,0,0
2021-08-03,1751.49,1764.27,1750.3,1764.27,0,0
2021-08-04,1768.55,1789.05,1764.65,1787.39,0,0
2021-08-05,1787.9,1795.79,1782.43,1785.09,0,0
2021-08-06,1786.8,1792.09,1776.49,1779.56,0,0
2021-08-09,1774.08,1781.36,1767.77,1776.35,0,0
2021-08-10,1780.91,1780.91,1758.43,1762.96,0,0
2021-08-11,1757.38,1764.44,1748.34,1750.15,0,0
2021-08-12,1750.8,1754.14,1740.78,1743.46,0,0
2021-08-13,1740.91,1740.91,1706.29,1717.85,0,0
2021-08-17,1717.59,1722.26,1691.49,1696.05,0,0
2021-08-18,1691.37,1710.62,1681.44,1703.88,0,0
2021-08-19,1688.78,1702.56,1668.09,1668.09,0,0
2021-08-20,1677.38,1682.03,1643.5,1648.79,0,0
2021-08-23,1663.69,1677.27,1650.41,1665.06,0,0
2021-08-24,1682.73,1698.93,1680.16,1697.6,0,0
2021-08-25,1704.27,1710.58,1689.81,1704.81,0,0
2021-08-26,1706.04,1711.47,1690.04,1692.26,0,0
2021-08-27,1681.27,1699.7,1679.86,1693.63,0,0
2021-08-30,1711.26,1712.0,1693.52,1699.07,0,0
2021-08-31,1701.3,1729.92,1691.22,1729.92,0,0
2021-09-01,1725.88,1735.27,1719.25,1730.75,0,0
2021-09-02,1726.67,1731.22,1712.38,1716.23,0,0
2021-09-03,1722.66,1731.67,1717.82,1730.39,0,0
2021-09-06,1728.38,1738.22,1726.51,1736.54,0,0
2021-09-07,1733.34,1734.17,1721.17,1727.54,0,0
2021-09-08,1720.76,1725.06,1708.46,1712.69,0,0
2021-09-09,1702.03,1710.3,1684.43,1687.75,0,0
2021-09-10,1692.35,1697.08,1681.7,1693.15,0,0
2021-09-13,1687.02,1701.38,1684.59,1695.58,0,0
2021-09-14,1703.54,1715.41,1700.86,1706.14,0,0
2021-09-15,1708.95,1714.89,1701.09,1709.06,0,0
2021-09-16,1716.13,1716.58,1693.84,1696.58,0,0
2021-09-17,1695.7,1705.15,1687.69,1704.37,0,0
2021-09-23,1693.4,1705.21,1690.52,1702.56,0,0
2021-09-24,1708.32,1710.97,1697.0,1700.14,0,0
2021-09-27,1697.8,1708.41,1695.64,1702.32,0,0
2021-09-28,1698.37,1699.75,1678.3,1679.3,0,0
2021-09-29,1649.22,1663.03,1640.38,1655.1,0,0
2021-09-30,1653.77,1664.75,1645.73,1658.23,0,0
2021-10-01,1648.7,1654.85,1628.18,1630.76,0,0
2021-10-05,1613.88,1617.2,1589.36,1602.39,0,0
2021-10-06,1613.54,1620.49,1573.82,1573.82,0,0
2021-10-07,1590.38,1603.27,1584.46,1602.15,0,0
2021-10-08,1613.59,1613.89,1600.05,1603.57,0,0
2021-10-12,1596.42,1596.55,1570.81,1576.69,0,0
2021-10-13,1572.54,1597.61,1572.54,1591.61,0,0
2021-10-14,1606.05,1618.02,1601.26,1617.81,0,0
2021-10-15,1633.79,1637.07,1623.98,1631.72,0,0
2021-10-18,1627.6,1637.99,1618.67,1629.19,0,0
2021-10-19,1638.81,1644.85,1633.75,1642.89,0,0
2021-10-20,1652.59,1654.13,1637.1,1637.24,0,0
2021-10-21,1635.81,1641.83,1629.7,1632.54,0,0
2021-10-22,1630.96,1640.41,1626.32,1633.25,0,0
2021-10-25,1627.37,1643.08,1618.24,1639.12,0,0
2021-10-26,1651.38,1658.52,1646.06,1656.5,0,0
2021-10-27,1653.32,1655.0,1637.97,1642.03,0,0
2021-10-28,1640.12,1652.41,1635.6,1635.6,0,0
2021-10-29,1642.93,1647.16,1612.21,1614.53,0,0
2021-11-01,1622.89,1626.49,1618.02,1618.72,0,0
2021-11-02,1630.13,1651.78,1630.13,1640.11,0,0
2021-11-03,1643.91,1643.91,1615.5,1619.33,0,0
2021-11-04,1635.94,1642.82,1623.14,1626.67,0,0
